company_name,X1,X2,X3,X4,X5,X6,X7,X8,X9,X10,X11,X12,X13,X14,X15,X16,X17,X18
C_6,6838,18138,995,1303,594,-471,738,2597.5755,22170,25088,9253,308,4032,8780,-8362,22170,29033,20867
C_14,502.627,566.984,32.812,15.625,137.076,-316.121,256.91,103.1365,711.359,767.024,302.916,-17.187,144.375,302.518,-127.622,711.359,671.739,695.734
C_20,192.518,1064.284,18.792,24.846,13.07,2.513,89.897,167.2437,1099.54,246.872,0,6.054,35.256,86.074,139.197,1099.54,95.56,1074.694
C_38,1.677,3.088,1.339,-1.644,0,-3.613,0.671,26.6986,3.572,30.881,2.144,-2.983,0.484,4.329,-1.411,3.572,11.572,5.216
C_53,70.018,349.167,24.162,37.433,19.004,-109.681,39.979,13.3995,423.92,230.324,175.184,13.271,74.753,54.886,-119.894,423.92,272.259,386.487
C_131,7.436,15.279,1.34,-5.654,3.267,-9.769,2.348,1.3248,21.799,14.165,4.892,-6.994,6.52,11.041,-63.158,21.799,15.933,27.453
C_139,10.981,2.813,0.126,-7.022,2.329,-7.143,0.375,25.647,5.328,12.249,0,-7.148,2.515,1.587,-52.772,5.328,1.587,12.35
C_154,207.229,205.114,9.006,-50.556,118.205,-0.341,16.566,50.452,355.958,357.354,25.767,-59.562,150.844,140.459,-66.668,355.958,264.469,406.514
C_186,109.314,21.934,0.448,-118.65,4.325,-118.312,4.341,76.7372,18.023,119.206,223.087,-119.098,-3.911,31.616,-536.219,18.023,257.503,136.673
C_195,21.877,70.493,6.036,10.711,9.33,-6.959,10.981,1.2555,88.408,52.367,0.005,4.675,17.915,87.771,-50.366,88.408,88.308,77.697
C_209,2767,5872,726,573,713,-2234,816,25.004,6771,8072,5015,-153,899,2385,-3222,6771,8412,6198
C_240,23.592,45.244,0.785,7.165,11.316,5.387,9.241,6.7621,59.49,44.418,0,6.38,14.246,62.892,-51.33,59.49,66.949,52.325
C_245,25.335,29.58,15.651,13.779,7.952,-56.685,4.871,11.1904,361.676,94.53,0,-1.872,332.096,116.504,-46.31,361.676,153.343,347.897
C_247,40.44,48.083,2.348,3.322,20.135,0.465,11.885,20.2085,87,58.045,6.519,0.974,38.917,10.402,27.489,87,21.198,83.678
C_258,49.549,288.267,5.175,5.933,31.99,-0.566,15.882,28.6654,310.098,90.313,16.28,0.758,21.831,39.264,26.633,310.098,55.544,304.165
C_281,257.186,394.574,16.378,-14.252,146.603,-107.982,64.818,8.2066,533.15,329.328,298.764,-30.63,138.576,53.283,-279.23,533.15,364.455,547.402
C_297,9.92,13.285,0.392,-2.093,6.557,-3.414,2.667,15.27,18.981,11.748,0,-2.485,5.696,2.654,-4.432,18.981,2.654,21.074
C_298,1.523,3.413,0.221,-1.018,0.854,-2.88,0.15,19.9742,9.385,3.044,1.364,-1.239,5.972,9.988,-198.582,9.385,11.352,10.403
C_300,150.194,893.158,22.478,9.979,52.96,-199.46,33.935,43.5568,1033.193,645.009,300.851,-12.499,140.035,187.632,-192.876,1033.193,558.186,1023.214
C_302,22.092,14.951,0.339,1.029,15.685,0.01,5.637,3.1068,18.061,26.398,14.026,0.69,3.11,10.184,-14.797,18.061,25.251,17.032
C_314,331.2,827,53.4,90.2,121.4,-15.5,169.9,103.281,1059.6,1213.7,508.4,36.8,232.6,237.3,167.1,1059.6,932.5,969.4
C_326,370,630.7,16.1,32.6,179.7,-87.1,114.6,17.0615,807.9,602.9,231.9,16.5,177.2,227.1,-530.6,807.9,652.3,775.3
C_327,7.227,5.361,0.401,-8.077,1.815,-8.074,0.838,38.3475,8.605,10.852,0,-8.478,3.244,2.394,-28.433,8.605,2.526,16.682
C_328,2439.72,9130.553,187.621,-161.766,1573.56,-319.897,488.715,746.3568,11743.691,3745.93,57.05,-349.387,2613.138,1605.687,1099.172,11743.691,2242.755,11905.457
C_331,538.642,690.157,58.26,308.733,121.119,188.762,10.369,3196.0775,1480.987,1091.266,0,250.473,790.83,195.451,767.523,1480.987,243.604,1172.254
C_333,2067.347,2449.322,601.295,1581.628,22.47,-393.891,1508.37,45.7695,6170.994,12260.431,5676.814,980.333,3721.672,16354.597,-13440.403,6170.994,23587.886,4589.366
C_344,2.665,1.719,1.064,-4.071,0.766,-7.54,1.382,1.8251,7.371,3.379,0.893,-5.135,5.652,2.331,-15.031,7.371,3.762,11.442
C_350,41.494,19.528,9.485,-20.118,7.7,-64.755,17.602,6.5952,86.848,174.033,0.132,-29.603,67.32,249.846,-510.513,86.848,255.217,106.966
C_357,16.261,23.602,1.5,-3.848,3.834,-7.678,3.292,12.2738,39.583,30.379,0.009,-5.348,15.981,25.034,-148.799,39.583,35.42,43.431
C_409,1255,2811,194,348,611,-973,392,339.64,3546,3064,23,154,735,1813,-2397,3546,2589,3198
C_425,3424,7895,310,231,664,-1605,1308,1080.59,8626,7386,67,-79,731,4892,201,8626,6757,8395
C_442,166.729,213.985,5.366,33.903,34.473,21.413,0,422.2462,324.741,202.677,0,28.537,110.756,43.977,139.88,324.741,56.631,290.838
C_443,5.009,14.629,0.463,-2.584,2.107,-3.038,2.38,2.7236,18.6,16.171,0.49,-3.047,3.971,5.202,15.732,18.6,5.692,21.184
C_446,3606,13814,1244,-230,203,-5198,696,1045.9284,15002,21801,13005,-1474,1188,5941,-6731,15002,27320,15232
C_478,160.939,801.076,29.11,47.888,73.213,-26.346,61.695,51.8854,881.568,472.289,393.733,18.778,80.492,122.296,-348.033,881.568,544.596,833.68
C_480,16.074,21.333,21.381,15.546,0,-7.585,4.181,7.4183,44.089,127.879,0,-5.835,22.756,59.622,-23.721,44.089,69.001,28.543
C_489,181.597,338.271,10.421,-1.748,162.67,-26.425,12.305,29.6152,474.052,235.093,107.885,-12.169,135.781,46.019,39.204,474.052,158.951,475.8
C_510,2703,4839,284,-250,607,-764,1103,176.2613,6022,4678,1363,-534,1183,2150,1405,6022,7028,6272
C_533,267.369,266.942,18.045,-34.396,68.499,-306.072,39.153,62.8551,232.546,388.478,263.384,-52.441,-34.396,70.497,-1081.189,232.546,363.429,266.942
C_535,3450,3958,556,753,1025,-2811,1134,560.118,5744,6601,7605,197,1786,2300,-10417,5744,10267,4991
C_560,44.849,41.184,66.365,85.939,0,5.882,22.227,55.5085,143.736,486.85,0,19.574,102.552,301.788,7.847,143.736,331.121,57.797
C_571,101.102,195.187,5.4,12.039,62.525,-22.516,31.877,52.1884,251.802,266.54,161.485,6.639,56.615,53.603,1.503,251.802,227.134,239.763
C_578,86.216,234.426,7.948,-14.347,41.473,-124.624,38.367,32.622,279.255,181.36,177.479,-22.295,44.829,102.145,-204.299,279.255,297.875,293.602
C_596,382.583,1392.138,17.995,5.368,139.813,-1.013,102.421,221.6867,1659.98,625.571,176.287,-12.627,267.842,274.887,-477.031,1659.98,539.303,1654.612
C_617,49.325,235.282,3.358,-8.438,42.283,-23.797,2.258,19,316.87,108.521,41.369,-11.796,81.588,76.345,-41.482,316.87,122.487,325.308
C_624,49.497,26.558,23.341,8.608,1.22,-17.963,7.139,52.6596,80.428,216.943,153.534,-14.733,53.87,41.003,-1420.32,80.428,206.973,71.82
C_641,2.028,7.054,0.086,0.038,1.072,1.309,0.532,0.4983,8.511,2.424,0.103,-0.048,1.457,9.04,-16.083,8.511,9.708,8.473
C_661,1469.5,1485.4,275.3,717.9,24.2,423.1,555.1,11784.2792,2263.5,6222.1,574.2,442.6,778.1,475.7,1708.2,2263.5,1264.6,1545.6
C_677,931.163,5901.348,245.46,136.536,467.227,-876.498,166.143,406.1604,8813.568,2827.217,1456.602,-108.924,2912.22,729.845,-1083.215,8813.568,3223.663,8677.032
C_686,38.592,318.393,8.735,24.872,0,1.369,21.507,73.4745,411.815,92.426,29,16.137,93.422,37.376,-50.676,411.815,76.11,386.943
C_689,52.889,86.027,58.182,0.629,7.465,-202.979,29.693,47.4635,123.719,1053.903,0,-57.553,37.692,525.247,92.805,123.719,604.282,123.09
C_709,269.548,375.469,8.641,12.13,142.399,-4.178,93.465,142.828,564.87,459.852,114.895,3.489,189.401,82.801,57.477,564.87,231.815,552.74
C_711,7.158,20.181,0.728,-0.519,6.177,-3.238,0.717,2.038,36.028,11.492,3.361,-1.247,15.847,6.605,-7.742,36.028,10.487,36.547
C_713,18.404,23.666,1.337,2.666,10.232,0.505,5.233,7.8943,35.827,31.124,1.135,1.329,12.161,9.605,1.227,35.827,28.17,33.161
C_744,19.648,40.858,3.61,-6.216,1.004,-15.972,16.762,11.2479,56.158,40.2,0,-9.826,15.3,46.788,-185.324,56.158,47.056,62.374
C_767,9.781,11.689,0.212,-7.691,0,-2.454,0.047,44.9393,3.998,29.471,0,-7.903,-7.691,2.883,11.413,3.998,6.832,11.689
C_800,393.228,812.033,15.299,-11.42,244.333,-47.269,125.739,59.6875,1072.324,618.441,105,-26.719,260.291,172.331,-96.613,1072.324,563.643,1083.744
C_807,122.148,209.654,5.873,31.078,46.917,16.244,49.825,163.59,280.826,172.948,0,25.205,71.172,33.764,123.192,280.826,39.291,249.748
C_809,66.798,114.821,11.711,22.575,21.229,46.207,22.981,1.5302,162.259,184.281,0.933,10.864,47.438,138.719,-14.654,162.259,151.24,139.684
C_820,106.778,222.677,25.504,13.965,7.035,-179.693,27.415,10.6329,259.474,346.302,0,-11.539,36.797,217.303,-39.111,259.474,259.97,245.509
C_823,5.321,14.435,1.995,0.218,0,-1.9,1.879,15.852,32.773,83.364,32.313,-1.777,18.338,18.405,-49.352,32.773,53.814,32.555
C_826,11.685,10.118,0.349,-4.559,2.136,-5.159,1.925,19.0544,13.777,13.684,0,-4.908,3.659,6.46,-44.987,13.777,7.675,18.336
C_828,402.718,1733.303,91.024,93.502,71.901,-33.37,182.06,476.5005,3467.562,1673.797,10.362,2.478,1734.259,976.809,360.274,3467.562,1412.089,3374.06
C_838,1.816,15.138,0.402,-14.637,0.149,-28.025,0.296,10.2791,0.501,4.965,8.647,-15.039,-14.637,31.529,-239.375,0.501,60.517,15.138
C_851,881,5981,357,424,512,-2818,216,65.5572,7042,4594,0,67,1061,4679,-5582,7042,5999,6618
C_862,3812,13175,332,-1674,2798,-383,343,277.046,16702,7262,2496,-2006,3527,4915,-6967,16702,10985,18376
C_868,104.3,109.6,23.2,-86.4,1.7,-102.3,5.6,79.8208,23.2,253.4,419.7,-109.6,-86.4,172,-628.1,23.2,734.1,109.6
C_876,33.695,94.555,2.706,5.857,19.267,-7.96,13.574,8.0305,113.957,81.606,22.913,3.151,19.402,55.548,-132.489,113.957,90.344,108.1
C_920,121.617,370.134,73.179,172.323,10.822,46.105,77.558,188.9834,780.648,1440.116,1000.927,99.144,410.514,187.852,-172.543,780.648,1383.009,608.325
C_922,20.393,34.093,0.745,-19.615,0,-27.161,7.848,5.5469,14.478,29.07,0,-20.36,-19.615,18.341,-7.393,14.478,18.812,34.093
C_926,6.302,32.985,3.485,5.485,0.054,-22.696,0.24,0.3633,45.456,75.091,20.473,2,12.471,105.016,-101.993,45.456,125.489,39.971
C_998,3033,6072,177,331,805,-2687,1107,1183.74,6705,9440,3459,154,633,4217,-2826,6705,8387,6374
C_1020,187.547,368.925,14.634,23.273,11.034,7.355,31.176,182.2856,456.067,280.954,0.555,8.639,87.142,82.206,138.117,456.067,88.275,432.794
C_1046,167.83,182.969,51.914,70.512,0,24.362,88.238,4.5423,283.646,840.347,0,18.598,100.677,1666.97,-4378.011,283.646,1686.546,213.134
C_1058,454.915,482.221,122.857,-96.364,169.323,-604.934,44.575,228.8072,475.612,2575.986,1559.781,-219.221,-6.609,110.054,-1448.731,475.612,1771.683,571.976
C_1085,3578,8714,528,303,125,-862,460,952.0686,11279,14042,8023,-225,2565,4497,-3546,11279,16866,10976
C_1114,6.996,13.496,0.167,-13.19,0,-12.755,0.004,33.4088,0.306,7.281,0,-13.357,-13.19,3.171,-87.213,0.306,3.188,13.496
C_1134,734.623,1327.267,59.883,213.93,187.516,8,218.188,294.2029,1855.543,1829.904,990.77,154.047,528.276,358.45,153.141,1855.543,1558.591,1641.613
C_1144,6628,5845,337,850,1477,-5799,2261,129.4522,10421,8837,4501,513,4576,4506,-43091,10421,11966,9571
C_1169,834.399,1193.847,124.042,83.388,129.614,-195.658,246.98,461.851,1444.962,3165.002,11.096,-40.654,251.115,1786.584,502.74,1444.962,1986.858,1361.574
C_1173,3108,9675,1446,4337,463,-1724,1654,13636.1271,14012,42257,21115,2891,4337,4077,-6120,14012,38332,9675
C_1180,153.046,224.748,2.305,26.184,96.726,-21.976,48.921,32.1761,350.819,300.171,0.218,23.879,126.071,281.461,-146.379,350.819,333.468,324.635
C_1189,342.147,958.56,152.041,7.793,19.219,-192.916,220.65,332.9715,1049.531,4034.349,2050.902,-144.248,90.971,140.101,1938.24,1049.531,2479.104,1041.738
C_1195,0.706,1.443,0.757,-6.578,0,-9.452,0.283,10.3167,4.27,4.616,0,-7.335,2.827,4.068,-54.801,4.27,5.171,10.848
C_1199,9195,11018,3036,5741,554,-6837,6269,12358.0513,16759,76995,0,2705,5741,41695,-259,16759,64092,11018
C_1212,317.836,352.454,122.373,64.39,31.415,-118.701,122.511,138.936,442.52,990.279,577.971,-57.983,90.066,103.676,-472.265,442.52,694.158,378.13
C_1216,23.229,476.861,111.548,-436.487,5.652,-479.424,4.676,16.954,77.65,98.973,0,-548.035,-399.211,502.923,-1492.001,77.65,507.058,514.137
C_1226,164.98,82.525,1736.578,144.317,2.878,-1582.961,47.965,24.2714,263.963,517.725,0,-1592.261,181.438,1327.908,-2129.849,263.963,1432.846,119.646
C_1238,316.638,575.007,56.8,32.731,56.698,-141.514,183.415,30.4387,674.423,1262.226,129.235,-24.069,99.416,595.321,157.535,674.423,788.793,641.692
C_1239,20.937,60.674,2.449,-5.249,10.962,-7.889,9.696,43.0805,72.696,39.361,36.692,-7.698,12.022,28.239,-85.658,72.696,64.931,77.945
C_1251,473.527,1102.035,51.529,-116.295,347.584,-198.833,21.189,115.5789,1552.938,656.29,245.624,-167.824,450.903,269.465,526.558,1552.938,566.761,1669.233
C_1261,25.085,52.041,2.911,1.915,12.375,-2.304,11.776,1.5909,65.873,45.315,7.577,-0.996,13.832,29.435,-10.378,65.873,44.703,63.958
C_1267,258.336,771.636,42.16,24.392,130.137,45.319,92.666,89.5056,841.14,662.019,320.476,-17.768,69.504,102.504,49.602,841.14,541.594,816.748
C_1283,1.377,1.455,0.034,-1.517,0.279,6.267,0.6,0.3741,3.314,1.388,0,-1.551,1.859,2.136,-114.408,3.314,2.352,4.831
C_1336,22.424,26.784,3.507,-24.442,10.995,-30.104,9.501,51.534,43.4,33.993,1.285,-27.949,16.616,43.158,-310.365,43.4,44.443,67.842
C_1342,4.108,18.053,0.622,-0.805,1.839,-1.652,1.288,2.0336,24.187,14.837,5.455,-1.427,6.134,7.149,-33.668,24.187,14.931,24.992
C_1346,68.668,199.751,6.156,-9.494,42.677,-5.305,17.148,34.5592,299.391,134.216,34.183,-15.65,99.64,40.249,29.609,299.391,86.617,308.885
C_1350,81.316,139.215,2.9,-5.521,41.185,-28.83,33.619,22.5267,188.155,120.256,0,-8.421,48.94,109.334,8.29,188.155,111.016,193.676
C_1352,23.73,673.01,34.194,113.75,5.611,46.926,4.639,645.9438,828.176,684.346,164.25,79.556,155.166,69.124,349.838,828.176,288.74,714.426
C_1355,53.465,81.101,3.863,-1.596,44.888,-3.933,0.399,11.2231,156.979,75.133,21.708,-5.459,75.878,14.161,33.746,156.979,40.278,158.575
C_1372,11.138,61.56,7.368,14.158,0.669,2.431,1.484,103.327,92.274,104.406,25.11,6.79,30.714,13.807,56.112,92.274,41.617,78.116
C_1391,380.749,1328.496,124.022,168.316,43.001,-4.28,125.979,494.6342,1742.717,2736.1,1364.75,44.294,414.221,580.941,704.211,1742.717,1945.691,1574.401
C_1396,1.021,0.783,0.581,0.635,0,0.128,0.587,0.1182,4.013,1.479,0,0.054,3.23,5.539,-161.382,4.013,5.539,3.378
C_1419,0.485,0.977,1.21,-0.429,0,-2.986,0.455,0.1813,1.416,6.98,0.801,-1.639,0.439,11.738,-35.841,1.416,13.257,1.845
C_1440,215.034,429.913,93.554,85.796,18.898,-49.011,130.881,96.2045,590.097,741.55,464.552,-7.758,160.184,104.768,-388.425,590.097,576.492,504.301
C_1469,236.356,488.951,27.064,44.996,61.939,-7.413,157.567,59.0098,719.783,480.877,263.88,17.932,230.832,125.357,-168.949,719.783,592.174,674.787
C_1471,100.116,146.167,7.768,-28.098,40.659,-54.025,42.285,27.4528,244.434,130.191,0,-35.866,98.267,76.084,252.875,244.434,77.365,272.532
C_1497,64.669,596.788,273.302,-88.627,3.1,-283.427,48.451,177.8679,547.79,2173.347,1074.534,-361.929,-48.998,148.919,31.817,547.79,1378.969,636.417
C_1500,99.937,271.341,14.581,-26.072,76.595,-32.857,2.619,96.2237,445.133,270.774,30.192,-40.653,173.792,68.374,185.684,445.133,109.795,471.205
C_1519,16.456,35.551,3.973,-13.443,5.203,-29.619,9.05,9.5673,46.908,44.096,23.144,-17.416,11.357,11.056,-17.244,46.908,34.2,60.351
C_1522,161.604,409.549,15.875,-31.085,138.148,-52.781,0,40.444,536.325,238.117,0,-46.96,126.776,113.909,-27.478,536.325,153.928,567.41
C_1523,1333,2253.1,70.4,-226.2,802.3,-400.2,211.9,260.7748,3434.3,1591.2,613,-296.6,1181.2,584.6,954.5,3434.3,1384.8,3660.5
C_1545,3.442,7.136,0.362,-1.199,1.504,-0.474,1.112,2.1489,9.483,9.125,8.669,-1.561,2.347,5.481,-101.213,9.483,14.15,10.682
C_1561,2837,5366,830,5652,383,2552,959,24895.6715,11018,25922,10631,4822,5652,5107,1031,11018,23782,5366
C_1576,1141.287,405.666,167.291,79.066,30.56,-660.118,385.914,54.1892,601.611,4190.699,0,-88.225,195.945,2328.713,1464.985,601.611,2539.64,522.545
C_1577,296.748,505.707,139.609,301.251,24.909,-112.963,20.057,30.2951,1021.298,3030.845,2112.272,161.642,515.591,442.845,-1850.614,1021.298,2757.894,720.047
C_1593,4407,7516,372,655,1884,252,153,4631.055,11100,9768,1860,283,3584,2601,5553,11100,5443,10445
C_1594,12.062,23.194,0.814,-4.349,6.015,-3.91,5.621,8.321,27.76,15.729,1.735,-5.163,4.566,11.532,-4.911,27.76,13.267,32.109
C_1602,1377.43,2736.411,227.013,1331.023,40.962,593.995,765.871,7362.7915,5517.708,13400.772,3576.211,1104.01,2781.297,2546.714,2770.928,5517.708,9081.156,4186.685
C_1618,6.523,10.34,0.873,-2.003,1.18,-5.233,2.434,5.3451,17.19,23.975,5.5,-2.876,6.85,10.034,-139.809,17.19,15.682,19.193
C_1643,8.173,44.033,2.593,-43.988,0.374,-53.777,0.379,220.3301,7.209,59.552,11.697,-46.581,-36.824,7.458,-231.519,7.209,19.424,51.197
C_1665,55.978,122.907,13.567,-8.296,28.122,-37.632,21.512,19.9149,151.664,160.844,22.917,-21.863,28.757,32.681,13.592,151.664,57.915,159.96
C_1667,25.49,303.688,17.345,40.993,10.107,14.671,4.718,116.0328,372.047,199.418,3.133,23.648,68.359,47.075,85.402,372.047,72.721,331.054
C_1668,9.533,16.663,0.237,-1.283,5.838,-1.006,2.946,6.4801,19.639,11.43,0.667,-1.52,2.976,3.125,16.247,19.639,3.972,20.922
C_1702,3.05,9.455,0.259,-1.478,0.4,-1.793,2.117,2.6854,13.2,5.622,1.517,-1.737,3.745,2.318,-15.854,13.2,3.835,14.678
C_1709,55.184,160.781,6.438,20.098,23.853,0.001,21.539,13.2969,242.605,169.821,120.906,13.66,81.824,18.123,-2.231,242.605,142.614,222.507
C_1712,342.867,1067.271,168.386,202.536,106.795,-71.34,121.308,22.7141,1384.568,1389.099,64.98,34.15,317.297,1247.076,-989.632,1384.568,2132.547,1182.032
C_1717,152.586,329.401,14.108,-10.689,68.041,-140.444,53.811,6.3089,410.919,311.917,6.027,-24.797,81.518,325.33,-653.709,410.919,408.846,421.608
C_1729,1350.798,7659.06,160,130.928,940.529,-100.404,158.199,1022.6016,10632.85,2618.891,314.171,-29.072,2973.79,938.866,775.317,10632.85,1701.546,10501.922
C_1745,420.426,714.007,180.901,-92.712,29.395,-917.701,137.185,75.9515,792.326,1327.798,961.7,-273.613,78.319,154.483,-842.101,792.326,1187.508,885.038
C_1778,101.451,757.001,43.254,108.868,4.705,42.442,1.196,415.45,936.854,477.635,41.465,65.614,179.853,100.656,194.816,936.854,170.987,827.986
C_1816,0.088,2.098,0.338,-1.875,0,-2.908,0.039,0.9024,0.223,0.724,0.553,-2.213,-1.875,9.345,-82.185,0.223,9.898,2.098
C_1819,3.843,10.601,0.424,-6.301,0,-6.462,3.692,0.803,23.264,14.52,0.11,-6.725,12.663,12.817,-17.689,23.264,16.419,29.565
C_1821,179.375,420.887,15.173,5.494,149.31,-12.433,7.049,32.5434,636.418,331.994,124.128,-9.679,215.531,74.084,35.473,636.418,220.049,630.924
C_1883,315.327,948.777,31.273,-61.005,246.518,-12.967,53.382,97.2694,1271.746,409.025,14.446,-92.278,322.969,214.1,49.106,1271.746,243.56,1332.751
C_1909,37.553,164.023,5.422,16.418,20.631,11.726,13.515,34.167,196.276,73.794,34.598,10.996,32.253,35.125,-20.048,196.276,72.845,179.858
C_1916,6.687,85.563,4.183,4.754,0.716,-6.327,4.11,4.5989,96.131,21.169,9.165,0.571,10.568,9.438,-1.997,96.131,20.209,91.377
C_1953,316.471,406.014,59.062,-13.322,75.662,-76.008,107.716,188.287,729.965,452.145,261.992,-72.384,323.951,267.481,-1739.429,729.965,643.333,743.287
C_1960,209.729,423.289,123.8,112.689,0,-82.961,142.358,0.9583,595.824,392.896,64.828,-11.111,172.535,515.937,-514.383,595.824,593.53,483.135
C_1969,1.595,0.226,0.036,-0.041,0.021,-0.035,0.95,2.8288,2.964,1.697,0.169,-0.077,2.738,3.11,-13.313,2.964,3.3,3.005
C_1977,1284.334,6804.361,202.7,435.237,961.885,47.017,192.074,2311.4899,7598.599,3774.236,1318.558,232.537,794.238,905.202,701.777,7598.599,2602.015,7163.362
C_1982,7.605,15.916,1.121,-26.39,5.98,-16.29,1.11,28.33,14.378,17.777,22.885,-27.511,-1.538,10.644,-75.559,14.378,33.725,40.768
C_1994,297.552,357.969,15.348,85.686,8.479,44.114,60.105,1407.3099,443.655,1386.662,306,70.338,85.686,55.174,503.729,443.655,488.513,357.969
C_1995,2.931,2.087,0.387,2.33,0.173,-3.656,1.719,1.1066,8.763,3.962,15.068,1.943,6.676,2.04,-132.84,8.763,17.108,6.433
C_1998,75.37,239.767,4.435,6.796,20.167,-8.279,6.186,10.4342,294.547,127.961,34.45,2.361,54.78,69.287,-2.618,294.547,107.838,287.751
C_2002,744.089,807.558,51,11.844,278.78,-309.377,360.687,299.551,1570.399,1256.664,793.229,-39.156,762.841,349.793,-527.965,1570.399,1199.154,1558.555
C_2004,14.303,56.393,2.407,1.306,7.943,-2.2,4.284,3.7069,68.203,37.325,20.429,-1.101,11.81,16.804,-9.555,68.203,37.238,66.897
C_2040,74.569,148.601,7.721,-0.302,35.308,-27.417,36.938,3.9098,157.863,117.567,30.941,-8.023,9.262,50.085,-51.203,157.863,81.578,158.165
C_2041,3.294,3.607,1.541,-5.304,0,-36.112,0.534,2.969,4.711,42.747,0.001,-6.845,1.104,51.788,-105.122,4.711,52.072,10.015
C_2051,20.961,67.006,1.151,-7.208,9.076,-11.008,4.963,10.5388,94.177,24.469,0.096,-8.359,27.171,26.283,-33.988,94.177,28.739,101.385
C_2062,56.114,264.46,1.625,12.116,0,-0.471,50.357,24.5655,322.024,116.455,63.517,10.491,57.564,25.212,-74.946,322.024,94.25,309.908
C_2073,0.403,6.27,1.078,-1.999,0,-8.92,0.319,4.1424,5.727,3.142,0,-3.077,-0.543,5.993,-98.608,5.727,5.993,7.726
C_2078,9.013,4.869,0.317,-32.606,3.473,-32.834,0.084,199.9654,9.141,10.952,0,-32.923,4.272,3.973,-264.365,9.141,3.973,41.747
C_2088,58.384,212.282,6.797,-2.386,49.277,-15.294,3.437,1.2746,331.771,97.339,10.371,-9.183,119.489,79.617,-7.45,331.771,93.219,334.157
C_2089,46.463,52.957,2.334,2.899,0.467,-5.637,1.51,14.8184,63.442,103.362,37.688,0.565,10.485,52.795,-6.658,63.442,96.609,60.543
C_2106,251,1079.1,41,10.6,97,-361.3,129,3.9446,1134.1,503.2,0,-30.4,55,647.3,-568.2,1134.1,688.8,1123.5
C_2124,132.082,348.567,27.591,-66.604,76.772,-59.894,13.076,145.5376,525.251,263.994,2.031,-94.195,176.684,110.751,8.177,525.251,140.828,591.855
C_2132,356.856,757.014,7.78,25.317,172.564,11.175,160.644,213.2143,911.625,445.56,0,17.537,154.611,303.689,124.077,911.625,303.689,886.308
C_2135,145.18,226.708,4.421,-36.804,127.574,-45.907,13.494,77.244,376.179,212.217,65.35,-41.225,149.471,66.282,131.733,376.179,159.755,412.983
C_2154,162.124,362.648,0.75,6.665,74.581,0.582,82.166,15.7092,433.02,173.646,90.156,5.915,70.372,58.656,-2.19,433.02,149.81,426.355
C_2162,94.644,358.529,12.691,27.584,36.999,-4.146,48.999,26.9146,418.667,226.888,205.01,14.893,60.138,33.338,-24.584,418.667,251.081,391.083
C_2163,59.698,135.267,3.585,-14.316,17.135,-18.602,14.477,31.9124,237.99,100.91,0,-17.901,102.723,20.286,67.442,237.99,26.73,252.306
C_2166,5.636,17.83,0.719,-8.391,0.898,-34.286,0.076,13.191,9.439,11.313,0.028,-9.11,-8.391,104.458,-216.628,9.439,110.053,17.83
C_2171,4.351,11.313,0.121,-3.279,0.723,-3.314,3.125,4.6567,15.203,5.604,0.057,-3.4,3.89,4.919,-13.75,15.203,6.101,18.482
C_2194,76.333,704.184,54.209,201.262,6.647,43.067,0,101.1532,1059.051,396.771,247.434,147.053,354.867,959.798,-2080.838,1059.051,1797.193,857.789
C_2223,28.579,62.631,3.611,-5.003,19.389,-11.23,6.075,3.112,87.301,38.5,7.583,-8.614,24.67,34.491,-63.212,87.301,47.419,92.304
C_2240,150.353,352.625,76.242,90.563,9.115,-79.757,93.907,59.7618,807.226,1295.301,741.635,14.321,454.601,180.538,-2558.421,807.226,1636.966,716.663
C_2288,13.115,10.153,0.8,-0.03,3.429,2.459,5.518,48.4962,24.111,30.002,2.664,-0.83,13.958,9.17,1.379,24.111,12.684,24.141
C_2291,113.563,425.451,6.36,-2.863,38.98,-35.389,42.424,1.6252,444.916,176.049,124.124,-9.223,19.465,35.921,-230.012,444.916,240.173,447.779
C_2293,80.65,166.362,2.5,8.504,40.565,-5.955,32.252,40.0101,209.834,134.944,25.711,6.004,43.472,53.634,6.582,209.834,90.256,201.33
C_2305,32.085,73.087,5.511,-39.168,5.739,-56.408,12.958,67.8398,142.679,47.338,0.24,-44.679,69.592,143.026,-427.45,142.679,145.321,181.847
C_2322,10.734,69.393,2.126,-0.497,1.493,-7.737,4.485,40.8836,83.502,81.026,1.134,-2.623,14.109,50.611,-122.858,83.502,59.96,83.999
C_2330,25.649,53.437,1.583,1.818,7.263,0.997,13.437,5.1638,63.178,37.346,2.612,0.235,9.741,14.254,-17.267,63.178,47.581,61.36
C_2335,1203.782,4779.731,413.025,-2305.254,196.72,-2913.142,135.767,21.0087,2573.26,5106.738,30.953,-2718.279,-2206.471,5564.791,-4246.782,2573.26,6351.027,4878.514
C_2348,75.416,547.869,28.404,11.223,29.15,-46.534,4.294,295.0908,797.555,359.136,254.336,-17.181,249.686,57.849,-404.888,797.555,381.739,786.332
C_2350,85.698,208.114,8.931,25.229,30.292,-7.878,51.473,18.3488,260.277,192.313,120.655,16.298,52.163,65.264,-45.173,260.277,193.22,235.048
C_2352,8.866,20.129,0.24,-2.634,6.471,-3.314,1.872,2.1785,25.297,8.992,0,-2.874,5.168,6.113,-15.626,25.297,6.2,27.931
C_2358,2.197,3.18,0.482,-10.024,0.803,-28.275,1.118,14.0504,2.525,13.306,0,-10.506,-0.655,36.535,-345.857,2.525,36.535,12.549
C_2380,5146,19053,723,2461,2259,186,2168,6366.1629,22228,17846,8018,1738,3175,3207,-288,22228,14484,19767
C_2397,970.775,1322.233,262.525,13.097,201.598,-470.568,218.094,99.3296,1407.345,5386.129,3123.643,-249.428,85.112,421.609,-1387.546,1407.345,5104.548,1394.248
C_2439,4.547,2.998,0.1,-4.216,2.936,-3.708,0.422,13.3116,2.809,4.76,0,-4.316,-0.189,6.264,-124.689,2.809,8.68,7.025
C_2443,102.543,26.77,26.819,-10.301,12.745,-108.327,28.912,15.9743,130.432,341.715,0,-37.12,103.662,410.388,-720.661,130.432,430.575,140.733
C_2447,22.003,32.557,0.381,-2.067,17.848,-2.436,1.883,19.0285,38.892,27.999,0.942,-2.448,6.335,10.662,10.815,38.892,11.604,40.959
C_2459,10.424,25.421,0.236,7.174,4.823,5.427,4.856,13.4042,43.092,11.543,1.029,6.938,17.671,11.386,-29.416,43.092,16.215,35.918
C_2470,3674.2,12380.1,299.3,701.2,532.2,-689.9,1210.7,109.1396,13570.5,6872.9,1303,401.9,1190.4,4609.8,-997.5,13570.5,6625.1,12869.3
C_2488,23.854,63.992,1.403,-2.862,7.765,-12.07,14.171,12.5577,90.968,34.715,9.216,-4.265,26.976,24.896,-123.869,90.968,66.675,93.83
C_2501,2.797,0.023,0.941,1.013,0.002,-2.734,1.891,0.412,4.335,30.758,14.925,0.072,4.312,2.763,-21.436,4.335,24.776,3.322
C_2585,130.131,1392.161,179.17,-1191.215,0,-1291.039,58.565,1.7087,236.357,405.575,982.157,-1370.385,-1155.804,109.637,-1435.05,236.357,1116.839,1427.572
C_2598,3.51,5.44,0.401,-20.85,2.551,-24.105,0.259,24.0151,7.245,12.893,0,-21.251,1.805,5.59,-39.375,7.245,5.59,28.095
C_2631,29.861,0.442,0.437,-18.161,3.258,-19.536,7.624,154.0192,0.891,31.976,0.736,-18.598,0.449,47.173,-43.518,0.891,47.909,19.052
C_2646,6.887,16.037,0.328,-16.035,0,-23.55,0,45.3128,0.002,37.864,1.564,-16.363,-16.035,7.417,-45.829,0.002,20.32,16.037
C_2655,97.458,19.314,9.267,-82.931,12.001,-99.067,5.308,87.7905,50.867,112.847,117.464,-92.198,31.553,43.721,-560.136,50.867,167.699,133.798
C_2706,101.953,2.317,4.918,-60.522,3.225,-69.359,5.013,45.94,26.136,119.858,98.89,-65.44,23.819,42.967,-294.292,26.136,159.233,86.658
C_2711,3.383,6.505,0.456,-1.237,0.896,-3.748,2.162,6.363,12.756,11.989,1.389,-1.693,6.251,9.976,-25.949,12.756,13.22,13.993
C_2782,61.253,171.822,2.553,-163.094,0.515,-186.512,1.861,59.2934,8.728,82.29,0,-165.647,-163.094,78.451,-559.35,8.728,88.577,171.822
C_2796,1.545,0.652,0.408,-7.796,0.253,-40.738,0.64,3.1881,4.23,4.72,5,-8.204,3.578,138.352,-389.292,4.23,143.379,12.026
C_2859,22.865,40.932,28.895,28.684,1.042,3.85,9.595,22.8121,83.505,195.675,83,-0.211,42.573,16.612,-460.459,83.505,113.497,54.821
C_2866,651.83,1135.576,150.65,175.433,92.249,-440.023,197.282,2.0415,1382.489,2140.425,25.886,24.783,246.913,2103.814,-2874.864,1382.489,2437.887,1207.056
C_2909,704.3,953.3,36.8,192.9,172.3,-117.4,261.9,1326.8701,2386.2,2122.1,695,156.1,1432.9,830,996.9,2386.2,1947,2193.3
C_2947,4.294,17.077,0.097,-16.929,0,-17.66,0,21.2805,0.148,12.02,2.842,-17.026,-16.929,5.691,-78.262,0.148,8.677,17.077
C_2953,5.053,17.898,1.377,-16.793,0.467,-31.411,0.339,7.1514,1.105,5.053,0,-18.17,-16.793,92.353,-194.057,1.105,93.524,17.898
C_2964,0.59,0.203,0.056,-2.537,0.11,-2.674,0,43.3327,0.237,0.745,0.075,-2.593,0.034,4.716,-38.12,0.237,4.791,2.774
C_2966,3.593,19.104,1.658,-1.011,0.088,-4.03,1.182,3.7345,36.392,15.654,0,-2.669,17.288,10.572,-37.559,36.392,11.886,37.403
C_3015,4.71,15.045,1.529,-14.113,0,195.29,0.9,15.2678,0.932,8.106,6.304,-15.642,-14.113,10.75,-150.815,0.932,18.99,15.045
C_3017,2.096,13.836,0.83,-0.864,0.863,-1.681,0.573,1.2333,18.128,5.014,0,-1.694,4.292,7.199,-178.304,18.128,7.657,18.992
C_3028,65.681,148.052,8.65,-16.417,23.445,-54.292,22.231,52.6786,158.947,111.801,3.995,-25.067,10.895,38.781,-134.277,158.947,45.964,175.364
C_3055,3.497,1.814,1.978,-7.179,0,-11.68,1.865,9.6149,2.347,18.649,3.523,-9.157,0.533,10.207,-72.803,2.347,14.256,9.526
C_3073,32.536,253.442,6.881,-1.387,0,-64.604,25.941,1.9449,340.873,101.949,46.498,-8.268,87.431,54.347,-466.335,340.873,106.375,342.26
C_3082,5.512,14.179,0.123,-4.028,0.303,-3.762,2.825,3.3134,21.837,10.724,1.118,-4.151,7.658,6.394,-81.267,21.837,7.512,25.865
C_3098,146.806,86.852,120.629,18.209,3.446,-182.332,20.446,216.6798,147.6,1024.112,287.407,-102.42,60.748,218.762,-1121.342,147.6,512.517,129.391
C_3114,1.171,6.076,0.305,-26.691,0,-49.731,0.097,21.979,0.264,4.313,0.065,-26.996,-5.812,7.477,-122.099,0.264,7.542,26.955
C_3116,93.48,381.149,13.747,-12.826,31.209,-38.383,3.371,202.4211,530.134,151.739,0,-26.573,148.985,51.556,-158.016,530.134,84.406,542.96
C_3117,8.454,26.253,0.537,-1.633,2.022,-0.533,5.811,0.9468,27.496,9.041,0,-2.17,1.243,15.285,-39.711,27.496,20.006,29.129
C_3149,34.648,91.54,1.683,-19.6,5.923,-56.908,24.308,19.0629,87.323,47.22,10.209,-21.283,-4.217,22.502,-123.848,87.323,34.148,106.923
C_3163,1.62,4.387,0.074,-0.482,1.042,-0.469,0.474,0.2148,4.532,2.797,1.672,-0.556,0.145,1.52,-2.996,4.532,3.192,5.014
C_3168,56.978,48.433,3.002,25.528,18.105,14.652,17.878,417.5308,103.194,104.291,3,22.526,54.761,5.011,-24.644,103.194,8.011,77.666
C_3190,3.177,0.457,0.037,-2.691,0,-2.428,0.059,0.5245,0.904,16.86,8.877,-2.728,0.447,1.067,-24.538,0.904,9.944,3.595
C_3236,29.078,81.575,2.068,-2.323,21.361,-19.177,4.605,4.3493,114.01,35.176,0,-4.391,32.435,23.418,-33.663,114.01,27.568,116.333
C_3277,77.179,138.477,21.944,-19.722,28.131,165.276,16.985,57.536,150.744,312.717,103.733,-41.666,12.267,48.8,-386.229,150.744,162.599,170.466
C_3312,35.669,75.715,1.217,0.189,31.995,-0.705,0,21.3991,115.547,40.737,0,-1.028,39.832,17.432,17.086,115.547,17.432,115.358
C_3313,91.754,180.423,22.731,36.646,52.517,-16.953,33.407,31.967,247.364,407.695,271.79,13.915,66.941,63.707,-68.977,247.364,373.338,210.718
C_3343,100.417,201.891,4.3,10.766,10.495,-101.592,67.243,2.9999,261.059,169.288,0,6.466,59.168,257.292,-212.879,261.059,263.621,250.293
C_3372,14.159,48.32,1.328,-21.807,4.329,-1.607,4.026,0.7519,47.268,14.698,0,-23.135,-1.052,9.686,-44.537,47.268,9.686,69.075
C_3381,33.682,97.652,0.643,4.545,4.855,2.135,18.867,11.6015,108.96,47.906,20.085,3.902,11.308,15.865,-39.21,108.96,35.95,104.415
C_3382,290.033,274.339,371.341,246.758,18.485,-242.506,16.681,38.3673,830.841,392.794,100,-124.583,556.502,271.284,-558.689,830.841,425.121,584.083
C_3392,829.748,1677.726,96.403,115.997,724.454,-63.419,68.27,25.4715,2674.351,1505.063,982.634,19.594,996.625,368.847,-188.546,2674.351,1527.844,2558.354
C_3396,74.988,120.738,41.134,79.982,0,13.801,43.355,53.3124,211.503,321.056,194.391,38.848,90.765,58.197,4.446,211.503,255.585,131.521
C_3445,0.733,0.752,0.006,-1.269,0,-1.275,0,11.3066,0.71,0.759,0,-1.275,-0.042,0.23,-82.783,0.71,0.23,1.979
C_3452,5.237,11.098,0.046,-1.94,1.341,-5.183,2.032,3.6186,13.894,8.238,1.39,-1.986,2.796,9.564,-9.018,13.894,10.979,15.834
C_3460,4.201,18.602,0.186,-18.408,0.024,-69.42,1.202,3.4952,0.194,14.497,0.05,-18.594,-18.408,11.663,-1267.146,0.194,53.743,18.602
C_3471,181.395,72.09,7.955,14.07,0,-99.382,27.267,4.1114,86.16,405.837,628.063,6.115,14.07,84.29,-430.792,86.16,836.916,72.09
C_3497,1.003,4.998,0.864,-14.904,0.423,-20.397,0.052,60.0521,0.474,6.246,1.188,-15.768,-4.524,13.897,-104.04,0.474,15.085,15.378
C_3524,122.834,332.631,12.02,27.036,70.738,12.602,3.813,181.2888,462.134,205.572,1.06,15.016,129.503,60.561,34.359,462.134,86.179,435.098
C_3526,110.571,565.488,22.425,55.732,12.859,30.961,0,491.8216,669.355,517.813,0,33.307,103.867,69.916,272,669.355,105.472,613.623
C_3530,8.092,8.768,0.56,-12.718,0.796,-10.945,4.656,4.63,13.927,9.636,0.988,-13.278,5.159,5.26,-158.871,13.927,6.817,26.645
C_3539,1.617,3.16,0.122,-0.889,1.456,-1.389,0.031,0.8689,3.81,1.707,0,-1.011,0.65,2.078,-3.565,3.81,2.078,4.699
C_3574,27.209,35.774,1.059,-8.225,12.718,-12.733,11.652,137.3924,44.381,31.529,34.91,-9.284,8.607,14.371,-609.737,44.381,82.635,52.606
C_3606,13.138,29.23,3.043,1.665,8.964,-7.187,2.848,1.4403,48.58,24.484,22.905,-1.378,19.35,13.754,-91.715,48.58,36.659,46.915
C_3612,41.329,70.95,2.9,-10.614,20.553,-28.763,16.33,14.5299,91.471,44.296,3,-13.514,20.521,34.874,-43.388,91.471,49.563,102.085
C_3628,2244,1631,392,555,121,-234,231,680.3516,2323,10013,4626,163,692,1565,-3251,2323,7267,1768
C_3636,25.578,14.981,0.478,6.196,6.102,0.904,8.173,11.8505,41.476,26.467,0,5.718,26.495,65.099,-562.89,41.476,133.602,35.28
C_3655,12.884,92.853,10.326,-42.182,1.747,-56.636,5.194,49.1293,50.671,74.504,27.898,-52.508,-42.182,34.631,-529.939,50.671,80.379,92.853
C_3673,0.385,3.292,2.466,-6.293,0.04,-11.644,0.014,7.6115,2.097,21.448,3.673,-8.759,-1.195,24.969,-85.982,2.097,28.883,8.39
C_3674,152.811,691.354,19.211,29.335,53.728,-98.712,56.389,13.7793,819.658,381.75,36.431,10.124,128.304,263.218,-204.819,819.658,389.728,790.323
C_3695,56.941,36.464,34.305,55.963,0,-6.637,29.687,48.2347,108.287,164.298,309.361,21.658,71.823,62.84,-562.206,108.287,413.233,52.324
C_3711,124.189,185.783,1.92,-67.44,49.938,-83.449,50.197,73.0946,188.552,135.957,10.975,-69.36,2.769,120.442,-328.355,188.552,157.783,255.992
C_3716,167.545,209.562,61.867,205.348,0.904,60.625,161.702,766.0976,453.321,1043.824,495.252,143.481,243.759,210.11,46.323,453.321,822.242,247.973
C_3721,20.93,31.175,3.775,-10.388,6.615,-27.049,8.817,24.7664,50.635,34.263,2.858,-14.163,19.46,33.13,-377.022,50.635,36.657,61.023
C_3726,55.766,95.102,2.784,7.916,23.77,1.417,27.814,56.0442,125.091,64.727,0,5.132,29.989,53.819,-48.173,125.091,53.819,117.175
C_3739,225.128,374.412,70.214,-58.575,23.025,-128.889,100.037,315.1419,557.198,370.941,0,-128.789,182.786,116.028,-210.698,557.198,146.637,615.773
C_3741,456.1,1623.1,104.5,136,156.9,-371.7,172.7,9.1638,1904.3,1096.2,1.4,31.5,281.2,921.2,-1181,1904.3,1323.3,1768.3
C_3766,490.988,1689.501,67.994,111.214,45.646,-200.248,407.663,91.0957,1878.589,1574.094,1191.777,43.22,189.088,321.734,-647.705,1878.589,1646.746,1767.375
C_3874,1.578,2.342,1.331,-3.747,0.107,-19.024,0.065,14.65,2.603,13.519,0.348,-5.078,0.261,4.681,-61.533,2.603,5.029,6.35
C_3875,867,3280,138,228,197,-23,621,231.987,3826,1754,659,90,546,679,-626,3826,1576,3598
C_3888,147.429,59.794,9.83,-42.372,34.862,-68.801,39.968,620.6883,77.406,396.544,55.992,-52.202,17.612,84.589,-404.075,77.406,189.468,119.778
C_3909,89.378,170.084,15.519,11.497,70.872,-14.327,8.275,42.9627,383.75,146.174,21.784,-4.022,213.666,77.682,-80.668,383.75,119.023,372.253
C_3910,120.93,579.531,24.013,9.972,81.658,-29.355,0,190.4815,826.777,252.279,94.424,-14.041,247.246,113.406,-34.494,826.777,261.696,816.805
C_3953,1.135,2.677,0.011,-1.896,0.134,-2.052,0.846,5.218,3.552,1.867,0,-1.907,0.875,1.622,-4.409,3.552,1.622,5.448
C_3978,11.336,15.812,1.009,-14.977,3.957,-17.361,4.318,42.3655,29.971,25.92,11.493,-15.986,14.159,13.37,-122.401,29.971,24.863,44.948
C_3979,201.551,557.165,131.094,450.018,9.676,110.212,40.762,4676.5875,1339.024,3716.696,3468.487,318.924,781.859,251.906,269.614,1339.024,3903.554,889.006
C_4001,166.635,235.139,13.859,21.219,84.415,-15.826,53.387,37.4801,452.115,352.106,98.5,7.36,216.976,62.333,289.112,452.115,215.964,430.896
C_4007,43.735,69.582,1.364,0.758,20.128,-2.122,22.017,9.3891,92.351,50.705,35.707,-0.606,22.769,9.974,-45.469,92.351,45.681,91.593
C_4013,5.46,9.346,0.117,0.541,1.766,0.318,3.163,4.3211,12.304,7.118,0.174,0.424,2.958,3.014,-4.685,12.304,3.188,11.763
C_4018,35.889,29.527,1.908,-7.683,5.533,-15.933,11.063,49.8689,45.421,43.361,23.61,-9.591,15.894,13.391,-193.985,45.421,39.443,53.104
C_4035,402.671,469.844,246.818,425.016,148.154,71.288,37.922,798.0973,1782.364,1119.527,350.701,178.198,1312.52,350.848,-120.614,1782.364,745.895,1357.348
C_4039,333.538,595.4,31.377,-203.995,15.608,-192.173,54.395,80.2518,500.089,677.658,231.27,-235.372,-95.311,145.758,49.331,500.089,510.524,704.084
C_4053,15.875,14.951,6.417,0.521,0.434,-36.788,12.861,36.8006,54.123,40.655,0.506,-5.896,39.172,46.687,-252.762,54.123,47.64,53.602
C_4070,3.721,2.432,0.26,-5.506,0,-7.201,0.402,4.0701,3.514,4.111,0,-5.766,1.082,0.769,-4.252,3.514,0.794,9.02
C_4089,273.776,310.54,24.74,13.338,39.407,-13.743,125.877,175.1575,457.227,445.653,112.667,-11.402,146.687,220.991,-402.683,457.227,357.919,443.889
C_4090,103.589,157.621,1.482,-6.223,38.7,-5.402,45.571,22.7668,164.922,125.375,0,-7.705,7.301,83.415,-79.155,164.922,95.072,171.145
C_4095,304.276,1117.13,14.132,49.931,167.074,12.013,88.17,266.3112,1272.13,563.768,23.357,35.799,155,192.279,256.129,1272.13,237.825,1222.199
C_4098,121.365,800.099,45.556,65.364,4.983,-8.604,55.11,41.8043,865.463,455.735,230.126,19.808,65.364,131.583,-37.99,865.463,446.921,800.099
C_4099,6.072,1.23,0.968,-0.73,0.098,-4.692,1.342,59.3719,8.861,10.173,0.359,-1.698,7.631,2.429,-78.912,8.861,5.631,9.591
C_4110,5.196,7.664,0.082,0.755,1.671,-1.594,3.044,6.0603,14.614,5.509,9.32,0.673,6.95,1.838,-110.235,14.614,11.158,13.859
C_4111,14.269,21.583,1.833,-1.249,4.782,-33.549,8.422,1.7623,36.454,47.076,0.142,-3.082,14.871,40.756,-16.209,36.454,42.46,37.703
C_4113,300.141,227.486,11.34,47.047,136.606,23.167,149.868,144.8636,472.269,447.883,115.426,35.707,244.783,50.309,126.335,472.269,168.316,425.222
C_4114,64.574,218.201,63.766,74.725,0,-134.287,41.371,1.4228,364.721,272.092,0.576,10.959,146.52,450.897,-569.811,364.721,457.594,289.996
C_4121,174.369,463.084,20.379,-4.797,113.875,-16.049,52.281,105.6028,712.855,336.227,64.483,-25.176,249.771,71.001,33.181,712.855,137.292,717.652
C_4131,7.294,5.729,0.183,-5.32,3.043,-6.422,2.311,38.4292,9.637,22.729,15.939,-5.503,3.908,2.036,-170.828,9.637,18.168,14.957
C_4170,50.151,37.988,1.47,-10.596,6.576,-94.528,22.189,152.959,70.984,133.909,0,-12.066,32.996,54.905,-240.304,70.984,62.958,81.58
C_4186,0.73,1.21,0.152,-2.591,0.33,-2.584,0.175,7.2249,1.466,1.869,0.009,-2.743,0.256,2.697,-126.016,1.466,2.706,4.057
C_4191,310.523,1101.647,22.9,76.752,100.029,-150.933,182.74,91.9734,1266.394,645.71,568.461,53.852,164.747,367.625,-423.96,1266.394,1004.023,1189.642
C_4238,255.608,955.99,79.555,109.366,0,24.844,135.045,230.5166,1065.356,1103.29,399.415,29.811,109.366,191.495,184.944,1065.356,722.275,955.99
C_4242,39.832,109.72,2.383,-3.99,23.005,-11.62,10.742,15.4067,134.074,55.003,0.145,-6.373,24.354,49.829,-59.532,134.074,50.983,138.064
C_4251,27.941,99.142,1.883,3.669,3.044,2.222,11.395,6.282,131.971,41.344,0,1.786,32.829,18.272,-20.602,131.971,23.533,128.302
C_4297,3.875,10.314,0.46,0.011,0.004,-7.232,3.049,5.0866,25.513,40.055,5.035,-0.449,15.199,21.066,-81.979,25.513,29.169,25.502
C_4300,216.245,577.331,5.814,21.209,0,3.302,169.501,280.8878,786.955,502.271,32.68,15.395,209.624,110.329,-50.605,786.955,182.374,765.746
C_4324,53.29,132.6,1.12,-9.346,2.718,-11.163,30.327,31.132,165.958,70.553,0.869,-10.466,33.358,53.017,-176.443,165.958,62.877,175.304
C_4347,203.554,215.81,26.665,-41.797,7.504,-353.499,58.824,4.1533,323.85,309.739,0,-68.462,108.04,112.355,-787.755,323.85,808.458,365.647
C_4365,306.286,1197.663,44.641,5.183,17.451,-60.253,57.687,93.4734,1398.981,1249.971,624.086,-39.458,201.318,449.367,-43.176,1398.981,1097.852,1393.798
C_4387,10.414,12.317,0.321,-2.003,5.981,-1.669,1.362,2.9868,27.869,10.864,0,-2.324,15.552,3.98,-3.53,27.869,4.219,29.872
C_4413,239.311,1923.133,331.055,447.847,140.614,-25.72,0,112.0768,2541.933,1153.277,1087.875,116.792,618.8,268.117,-434.424,2541.933,1389.708,2094.086
C_4420,779.104,2800.885,152.156,232.622,159.034,-533.905,346.031,139.7696,3178.724,2560.774,1398.108,80.466,377.839,1057.536,-745.722,3178.724,2656.912,2946.102
C_4430,655.9,3425.7,113.8,411.8,169.4,-57.5,257.3,361.988,4110.7,3191.2,1398.9,298,685,925.3,-842.8,4110.7,2747.6,3698.9
C_4431,3.996,0.403,0.886,-12.147,0,-12.881,1.821,36.7768,16.971,8.033,0,-13.033,16.568,9.044,-430.121,16.971,14.949,29.118
C_4443,71.958,180.339,2.339,10.779,63.399,4.89,5.278,37.6636,216.361,92.213,15.335,8.44,36.022,50.127,2.798,216.361,66.847,205.582
C_4479,34.591,60.208,1.553,1.779,15.134,-1.845,16.064,13.4965,87.301,53.83,6.239,0.226,27.093,25.466,-16.941,87.301,32.512,85.522
C_4480,80.866,82.188,36.332,76.454,0,-173.744,13.533,36.676,228.896,1056.987,1123.272,40.122,146.708,687.034,-2462.22,228.896,2039.542,152.442
C_4515,25.578,50.679,1.086,-0.791,14.875,-4.241,9.725,12.1693,59.303,32.55,16.676,-1.877,8.624,13.253,-14.366,59.303,29.959,60.094
C_4520,179.631,204.856,25.016,112.092,13.726,49.065,110.189,403.1843,375.38,660.303,91.774,87.076,170.524,34.574,289.857,375.38,167.616,263.288
C_4521,243.098,368.637,21.973,132.43,0,23.298,57.317,88.304,849.826,664.014,122.429,110.457,481.189,330.107,985.53,849.826,502.878,717.396
C_4529,3.572,4.01,0.052,-3.254,0.993,-2.168,1.92,4.3701,7.129,5.92,0,-3.306,3.119,3.839,-11.475,7.129,3.839,10.383
C_4537,0.239,24.019,0.18,-23.266,0.067,-40.122,0.1,0.2912,0.753,0.552,0.184,-23.446,-23.266,35.078,-116.5,0.753,35.262,24.019
C_4540,10.534,20.444,3.9,-3.863,1.127,-10.475,1.466,17.6976,29.39,36.881,0.032,-7.763,8.946,17.045,-46.118,29.39,27.242,33.253
C_4572,2.176,7.935,0.55,-5.746,0.197,-12.582,1.152,2.8772,11.807,15.038,1.544,-6.296,3.872,9.286,-383.835,11.807,10.83,17.553
C_4586,27.402,82.705,14.87,15.452,0.571,-24.859,2.063,4.3656,134.049,198.95,0.114,0.582,51.344,281.909,-93.854,134.049,282.023,118.597
C_4592,488.782,460.134,15.911,-51.921,442.738,-107.33,38.813,0.234,754.305,567.629,232.947,-67.832,294.171,322.555,-61.698,754.305,560.706,806.226
C_4593,26.476,21.709,2.267,-13.504,9.397,-8.665,9.34,19.7406,34.193,45.328,25.012,-15.771,12.484,7.633,-103.678,34.193,38.532,47.697
C_4616,4.364,1.017,0.098,-2.695,0,-2.822,0.374,1.3261,2.681,4.564,0,-2.793,1.664,3.464,-63.624,2.681,3.952,5.376
C_4666,8.639,5.167,0.7,-15.963,0.748,-18.222,4.238,22.0131,17.878,17.597,0,-16.663,12.711,14.905,-416.965,17.878,16.368,33.841
C_4699,2788,1972.2,290.3,-118.4,477.9,-1180.4,471.9,5308.671,2484.4,11499.8,6119.7,-408.7,512.2,3145.1,-1459.2,2484.4,10015.2,2602.8
C_4720,310.453,414.269,12.087,44.94,122.048,19.448,80.111,475.1344,627.38,475.168,2.566,32.853,213.111,214.048,222.298,627.38,218.511,582.44
C_4723,22.041,51.187,6.906,-7.457,1.586,-24.027,0.755,5.3136,59.105,80.263,0,-14.363,7.918,87.315,-126.543,59.105,87.645,66.562
C_4727,49.627,165.025,6.886,11.561,18.665,-0.771,23.346,33.7084,249.004,95.579,0,4.675,83.979,74.169,-11.034,249.004,74.634,237.443
C_4735,38.498,24.802,0.334,-24.759,0,-29.848,0.012,2.9733,0.043,39.474,55.443,-25.093,-24.759,7.127,-238.99,0.043,62.858,24.802
C_4754,4.367,1.285,0.126,-12.521,0.356,-12.302,0.095,195.7185,1.369,5.67,0,-12.647,0.084,1.149,-26.692,1.369,1.149,13.89
C_4764,383.245,1345.29,47.2,135.186,101.95,67.949,236.187,59.7855,1660.001,912.959,986.939,87.986,314.711,315.206,-971.514,1660.001,1502.116,1524.815
C_4771,275.222,177.658,18.906,11.457,78.508,-203.847,80.532,27.2184,288.468,520.317,0,-7.449,110.81,282.656,-188.952,288.468,367.42,277.011
C_4774,149.233,274.939,9.732,29.767,84.586,-4.062,57.005,5.6876,350.067,187.205,0.877,20.035,75.128,127.294,-70.388,350.067,145.016,320.3
C_4778,50.526,217.75,10.099,-40.932,40.627,-61.977,6.55,9.147,258.506,76.22,0,-51.031,40.756,46.53,-20.527,258.506,50.415,299.438
C_4784,97.299,697.98,7.514,9.334,2.328,-2.292,44.056,197.2769,825.656,198.75,0,1.82,127.676,113.218,30.088,825.656,131.619,816.322
C_4788,785.938,745.751,331.789,269.613,20.256,-180.272,175.452,1297.4147,1083.215,6035.694,1973.922,-62.176,337.464,236.846,1769.436,1083.215,2451.041,813.602
C_4821,4.302,2.085,0.369,-2.111,2.154,-3.852,0.596,2.1482,4.124,5.956,0,-2.48,2.039,4.438,-52.994,4.124,4.438,6.235
C_4843,31.261,178.292,1.115,6.782,0,2.507,26.58,26.0338,221.883,48.347,5.292,5.667,43.591,24.896,-3.056,221.883,31.963,215.101
C_4858,15.416,92.903,6.685,-72.366,0,-107.365,3.296,7.1265,28.963,160.201,3.05,-79.051,-63.94,127.313,-116.396,28.963,132.578,101.329
C_4860,0.001,0,0.008,-0.356,0,-0.439,0,0.6464,0.006,0.037,0.019,-0.364,0.006,0.843,-2.985,0.006,0.862,0.362
C_4882,25.076,40.989,3.781,-9.54,4.276,-23.646,2.651,19.5525,80.131,33.433,0,-13.321,39.142,37.872,-782.472,80.131,53.845,89.671
C_4888,50.578,273.633,80.433,224.849,0,40.356,5.814,1410.4099,549.72,2511.962,1097.817,144.416,276.087,99.344,306.943,549.72,1363.144,324.871
C_4933,7.517,9.071,0.019,1.739,0.612,3.129,4.016,8.9721,18.509,19.621,0,1.72,9.438,3.154,-1.605,18.509,3.154,16.77
C_4940,10.498,9.148,0.464,-18.766,1.365,-18.726,0.571,134.2855,1.889,41.858,1.619,-19.23,-7.259,5.344,-38.519,1.889,6.963,20.655
C_4952,567.83,1690.719,18.9,93.894,290.507,-27.893,197.887,113.0134,2254.252,2436.005,1361.036,74.994,563.533,593.095,-62.099,2254.252,1995.504,2160.358
C_4971,13.296,0.117,0.229,-5.779,4.697,-5.787,3.758,7.4688,0.157,15.423,0,-6.008,0.04,16.08,-40.558,0.157,16.08,5.936
C_5027,35.576,178.501,19.67,26.426,9.371,-98.254,16.87,8.569,275.668,136.982,16.5,6.756,97.167,135.054,-374.458,275.668,156.998,249.242
C_5033,0.883,12.83,0.715,-12.586,0,-21.578,0.015,11.1288,0.244,3.698,0.828,-13.301,-12.586,18.671,-81.858,0.244,19.499,12.83
C_5046,1.575,2.671,0.407,-0.632,0,-2.608,0.562,3.0115,7.032,8.5,3.849,-1.039,4.361,1.16,-103.177,7.032,5.009,7.664
C_5069,912.28,5967.005,153.456,126.276,255.484,-326.9,593.483,348.3826,7755.283,2118.492,905.17,-27.18,1788.278,700.835,-359.584,7755.283,1803.76,7629.007
C_5073,0.129,0.75,0.172,-1.973,0,-2.419,0.118,5.0901,0.508,1.043,1.14,-2.145,-0.242,2.739,-14.463,0.508,3.879,2.481
C_5076,181.257,201.165,34.605,-29.647,64.014,-75.433,38.728,96.4343,210.745,474.366,45.65,-64.252,9.58,80.555,203.926,210.745,138.083,240.392
C_5079,2.41,38.853,1.716,-0.954,0.446,-4.4,1.099,3.0599,41.459,11.479,0.659,-2.67,2.606,7.122,-25.501,41.459,10.579,42.413
C_5083,0.127,0.003,0.001,-1.241,0,-1.478,0,6.1285,0.033,0.134,0,-1.242,0.03,4.385,-73.422,0.033,4.385,1.274
C_5099,148.434,210.278,11.329,-20.547,142.124,-84.357,1.825,24.6416,319.625,186.332,30,-31.876,109.347,111.865,-54.929,319.625,169.621,340.172
C_5157,19.905,34.557,3.965,-6.472,5.256,-37.452,10.068,27.6984,53.292,42.328,5.197,-10.437,18.735,20.792,-72.271,53.292,26.556,59.764
C_5172,7.684,21.289,0.118,-6.824,0,-10.705,0.2,101.639,14.465,8.065,15.008,-6.942,-6.824,5.466,-455.17,14.465,20.596,21.289
C_5176,133.116,292.628,23.953,72.584,66.732,-11.948,58.435,12.2054,475.871,300.087,0.061,48.631,183.243,392.156,-313.971,475.871,406.365,403.287
C_5178,3.742,1.936,0.022,-6.822,0,-7,0.476,5.765,5.051,3.853,0,-6.844,3.115,1.889,-1270.548,5.051,2.452,11.873
C_5189,1.86,0.591,0.102,-9.039,0.4,-9.951,0.266,24.072,1.374,2.291,0.007,-9.141,0.783,12.003,-105.486,1.374,12.199,10.413
C_5204,10.489,14.722,5.582,-10.419,0,-15.292,5.013,14.6689,21.413,21.215,0,-16.001,6.691,5.621,-49.864,21.413,5.621,31.832
C_5221,18.782,11.94,0.999,-17.261,2.131,-18.584,4.884,272.3256,11,20.82,0,-18.26,-0.94,4.684,-149.176,11,4.91,28.261
C_5240,0.021,0,0.016,-0.538,0.001,-0.651,0,1.1401,0.001,0.115,0,-0.554,0.001,4.242,-36.829,0.001,4.242,0.539
C_5253,632.806,2015.543,79.512,172.695,132.148,1.814,309.056,41.6438,2344.139,2075.209,1139.952,93.183,328.596,449.655,-10.527,2344.139,1730.638,2171.444
C_5259,9.107,20.371,2.435,3.721,0.504,0.137,8.206,9.0902,37.077,25.409,6.897,1.286,16.706,7.188,2.343,37.077,15.524,33.356
C_5274,65.7,106.82,24.465,-11.404,20.894,-191.171,23.866,92.9045,215.33,339.07,0,-35.869,108.51,450.946,-203.08,215.33,450.96,226.734
C_5275,3563.565,8300.595,574.2,647.141,179.395,-242.461,1097.157,2113.8455,9229.888,27216.088,16940.809,72.941,929.293,3285.392,1435.559,9229.888,22234.97,8582.747
C_5282,1008,1377,113,180,457,-186,277,811.4059,1687,2398,1461,67,310,373,-1137,1687,2462,1507
C_5307,56.318,18.98,16.639,-21.71,0,-546.51,2.916,120.6293,14.151,219.401,8.131,-38.349,-4.829,9.007,-1609.619,14.151,431.688,35.861
C_5316,43.516,230.822,3.468,-10.884,2.24,-14.433,26.252,29.5837,229.642,53.823,0,-14.352,-1.18,26.648,-11.527,229.642,26.783,240.526
C_5333,0.073,1.688,0.018,-2.775,0,-3.195,0.064,8.1407,0.408,0.175,0.15,-2.793,-1.28,4.756,-24.852,0.408,4.906,3.183
C_5353,125.253,199.092,6.422,-93.535,5.782,-190.974,46.246,17.4981,219.556,181.22,0,-99.957,20.464,327.64,-672.594,219.556,340.209,313.091
C_5368,152.329,569.865,32.791,65.568,0,-25.031,99.483,8.5617,895.863,330.444,40.04,32.777,325.998,749.094,-1181.922,895.863,791.983,830.295
C_5397,983.979,1508.382,81.318,183.308,715.184,60.521,25.766,1120.9848,2661.469,1591.884,0,101.99,1153.087,464.293,443.533,2661.469,782.531,2478.161
C_5410,308.367,339.589,13.826,-34.971,124.344,-77.619,96.777,65.9048,444.446,342.33,252.19,-48.797,104.857,114.025,-899.414,444.446,375.028,479.417
C_5414,23.79,194.113,1.955,4.306,2.125,1.263,20.872,11.6301,211.639,33.519,11.489,2.351,17.526,14.029,-28.424,211.639,25.518,207.333
C_5447,170.415,457.914,51.437,-15.148,125.207,-81.842,5.15,115.7125,742.472,345.908,63.784,-66.585,284.558,146.383,-116.315,742.472,308.772,757.62
C_5497,48.71,389.427,88.341,-242.126,1.246,-332.89,20.237,4.5846,158.777,357.597,0,-330.467,-230.65,251.991,-326.78,158.777,260.109,400.903
C_5531,0.436,0.135,0.005,-2.123,0.002,-2.142,0.049,26.739,0.163,0.457,0,-2.128,0.028,1.338,-20.592,0.163,1.338,2.286
C_5541,71.198,295.516,19.534,89.711,6.301,-102.545,52.056,69.2613,463.215,932.467,627.88,70.177,167.699,80.267,-135.335,463.215,841.357,373.504
C_5553,76.093,225.523,11.319,-64.447,58.307,-77.542,3.603,28.3226,280.438,90.589,0,-75.766,54.915,29.729,-135.874,280.438,46.537,344.885
C_5555,16.352,37.674,1.072,-3.83,6.589,-8.012,4.862,4.8897,49.816,28.671,4.554,-4.902,12.142,22.832,-6.859,49.816,27.566,53.646
C_5634,6.905,119.657,8.392,20.001,2.486,6.171,0,118.4848,149.164,80.567,4.569,11.609,29.507,13.141,23.684,149.164,27.478,129.163
C_5640,27.128,103.613,6.203,14.573,0,-2.317,13.022,33.1669,118.186,116.401,17.796,8.37,14.573,98.921,-54.733,118.186,116.717,103.613
C_5658,55.977,20.539,1.952,-47.116,0,-145.975,27.47,151.3201,10.442,164.033,1.551,-49.068,-10.097,163.075,-189.599,10.442,164.626,57.558
C_5676,0.367,2.288,0.214,-1.708,0,-2.674,0.222,8.3672,1.91,1.41,0.084,-1.922,-0.378,4.287,-9.259,1.91,4.371,3.618
C_5681,123.942,28.059,0.463,-22.54,20.515,-17.177,0.982,173.6664,5.519,193.824,1.99,-23.003,-22.54,12.189,-156.528,5.519,176.849,28.059
C_5700,2.137,22.278,3.834,2.529,1.161,-12.111,0.77,2.0692,31.194,20.448,0.073,-1.305,8.916,18.477,-21.617,31.194,18.55,28.665
C_5711,1.251,49.308,2.402,0.642,0.388,-13.739,0.232,6.3971,53.332,22.26,6.716,-1.76,4.024,16.714,-18.977,53.332,23.491,52.69
C_5754,5.61,3.741,2.09,-9.124,0.734,-26.933,0.516,7.6186,3.941,21.764,1.443,-11.214,0.2,16.223,-241.049,3.941,19.901,13.065
C_5760,2.372,0.865,0.162,-0.255,0,-1.004,0,0.6142,0.61,6.147,2.164,-0.417,-0.255,3.437,-25.718,0.61,5.746,0.865
C_5763,159.731,339.025,6.7,-37.671,73.293,-131.452,64.355,50.3003,386.723,214.279,107.772,-44.371,47.698,76.171,-65.935,386.723,191.528,424.394
C_5804,291.49,781.629,30.658,49.841,81.5,-6.86,186.448,384.8997,872.096,803.691,241.906,19.183,90.467,257.386,31.062,872.096,544.915,822.255
C_5814,7.911,11.059,5.381,2.603,2.188,-6.368,3.308,0.8313,30.867,33.933,0,-2.778,19.808,30.466,-36.683,30.867,30.466,28.264
C_5818,168.522,971.848,38.736,-599.542,75.008,-118.237,10.408,57.821,419.863,606.347,59.951,-638.278,-551.985,581.131,-880.571,419.863,654.635,1019.405
C_5829,58.111,447.961,20.958,40.21,17.059,4.946,11.435,99.4333,531.455,220.167,227.332,19.252,83.494,68.691,-273.375,531.455,347.063,491.245
C_5834,120.196,510.219,263.813,-196.432,2.268,-143.474,40.207,629.5888,391.469,1669.829,937.963,-460.245,-118.75,168.445,-792.311,391.469,1137.974,587.901
C_5837,0.181,7.519,0.24,-7.408,0,-12.518,0.029,10.5552,0.111,1.192,0.524,-7.648,-7.408,9.255,-63.922,0.111,9.833,7.519
C_5843,121.124,104.685,37.625,29.027,34.631,-66.811,34.163,27.2576,246.525,305.998,0,-8.598,141.84,639.863,-892.299,246.525,690.074,217.498
C_5857,1.943,4.05,1.439,-10.416,0.048,-23.98,0.318,11.1291,6.69,11.256,1.345,-11.855,2.64,5.273,-102.752,6.69,6.618,17.106
C_5860,71.236,26.933,34.767,10.276,5.102,-28.567,55.53,220.5487,70.558,766.822,174.743,-24.491,43.625,74.914,158.926,70.558,416.303,60.282
C_5861,0.046,6.429,0.161,-6.386,0,-6.542,0,22.8581,0.043,0.832,0.013,-6.547,-6.386,1.236,-14.963,0.043,1.249,6.429
C_5881,351.8,965.099,10.801,-13.546,48.605,-129.632,239.944,109.7992,1102.814,416.372,0.027,-24.347,137.715,385.255,-401.348,1102.814,400.513,1116.36
C_5913,7.613,13.351,4.446,1.547,0.293,-0.789,4.082,196.128,28.353,201.469,33.5,-2.899,15.002,10.99,-15.81,28.353,85.012,26.806
C_5915,63.376,110.78,2.958,-7.623,54.566,-16.294,4.916,10.1145,152.571,80.438,1.043,-10.581,41.791,42.643,-5.425,152.571,55.398,160.194
C_5958,1.814,7.661,0.544,-16.653,0.279,-17.737,0.168,44.8689,11.35,2.693,0,-17.197,3.689,4.116,-244.558,11.35,4.212,28.003
C_5959,0.031,3.796,0.134,-1.339,0,-1.244,0.01,0.4258,4.135,0.224,0.008,-1.473,0.339,2.479,-77.2,4.135,2.611,5.474
C_5963,13.334,13.326,0.833,-20.36,0,-20.641,0.094,45.6901,1.204,39.843,0.048,-21.193,-12.122,11.962,-47.835,1.204,12.124,21.564
C_5972,0.431,5.685,0.003,-5.502,0,-6.179,0,37.962,0.183,0.443,0,-5.505,-5.502,11.89,-327.849,0.183,12.795,5.685
C_6000,7.817,35.574,0.851,2.94,2.826,-10.281,3.799,4.4923,68.861,30.15,26.019,2.089,33.287,7.241,-68.175,68.861,33.779,65.921
C_6016,110.661,3516.933,401.2,-2538.408,4.269,-3207.22,78.387,383.14,985.912,971.486,0,-2939.608,-2531.021,3671.344,-3493.811,985.912,3963.423,3524.32
C_6021,7.532,67.436,0.357,-0.99,2.76,-1.892,3.802,0.734,71.474,11.741,3.031,-1.347,4.038,8.074,-1.646,71.474,11.105,72.464
C_6024,6.378,26.096,1.967,-6.766,2.964,-12.249,2.73,1.591,49.665,27.573,0,-8.733,23.569,33.743,-169.198,49.665,36.315,56.431
C_6034,26.184,72.752,7.126,-34.569,2.267,-33.945,14.821,26.2378,38.183,98.351,8.139,-41.695,-34.569,26.371,-398.381,38.183,56.847,72.752
C_6037,0.578,0.054,0.019,-2.197,0.443,-0.53,0.005,2.507,0.073,0.658,0.016,-2.216,0.019,0.99,-15.09,0.073,1.006,2.27
C_6054,12.14,33.585,1.141,-0.279,9.591,-4.101,1.093,8.2759,45.881,20.406,1.024,-1.42,12.296,14.494,-5.909,45.881,16.382,46.16
C_6072,23.218,35.94,1.454,3.11,7.64,0.003,13.856,8.6701,63.336,47.91,4.941,1.656,27.396,30.208,3.053,63.336,35.287,60.226
C_6089,0.651,0.336,0.142,3.625,0.008,5.928,0.453,0.7508,7.158,0.673,0,3.483,6.822,12.163,-133.224,7.158,12.163,3.533
C_6098,247.213,387.952,33.22,31.17,92.582,-147.692,68.735,0.9398,674.998,427.573,0,-2.05,287.046,277.538,-338.811,674.998,506.765,643.828
C_6100,167.571,439.808,9.72,36.635,49.182,-39.929,89.585,51.8329,622.717,329.877,165.899,26.915,182.909,86.95,14.715,622.717,262.011,586.082
C_6107,877.949,628.191,418.652,556.181,0,62.401,528.794,80.3983,1300.009,2835.418,0,137.529,671.818,2653.848,-1424.034,1300.009,2794.809,743.828
C_6115,193.333,126.92,8.811,-1.115,147.317,-46.472,11.594,37.3034,232.57,340.368,191.689,-9.926,105.65,124.074,-119.76,232.57,331.126,233.685
C_6120,751.823,476.901,20.377,102.521,214.288,-363.238,417.73,164.4903,815.673,1767.552,0.499,82.144,338.772,1829.948,-1569.897,815.673,1935.018,713.152
C_6125,439.927,427.304,87.267,202.865,0,-510.72,236.57,29.8931,1141.4,2412.691,2384.157,115.598,714.096,100.791,-1887.564,1141.4,2904.429,938.535
C_6142,146.433,430.553,25.867,13.389,109.039,-16.483,29.203,116.2435,775.287,258.573,50.362,-12.478,344.734,107.078,-240.407,775.287,190.417,761.898
C_6148,1632,1335.6,27.6,-261,967.6,-158.9,163,33.0007,1307.5,1705.5,0,-288.6,-28.1,1794.7,-1640.8,1307.5,2163.7,1568.5
C_6163,3.66,12.806,0.032,-0.12,0,-0.772,3.319,2.5466,17.717,3.753,0.5,-0.152,4.911,6.424,-72.394,17.717,6.924,17.837
C_6171,32.266,83.826,6.611,40.694,1.098,-8.422,27.471,18.9679,192.847,227.169,310.151,34.083,109.021,52.365,-461.134,192.847,405.644,152.153
C_6175,3.953,4.957,0.062,-7.793,0,-14.57,2.355,5.4996,8.688,4.106,0.019,-7.855,3.731,9.219,-75.165,8.688,9.238,16.481
C_6178,76.749,323.799,4.323,3.716,0,-9.738,69.836,31.5,410.255,135.282,1.137,-0.607,86.456,80.002,-186.323,410.255,90.501,406.539
C_6239,634.895,925.474,49.756,263.724,214.431,121.505,0,2774.9722,1722.227,860.166,0,213.968,796.753,270.675,-112.226,1722.227,349.045,1458.503
C_6247,0.62,1.529,0.017,0.172,0,-4.551,0,0.7795,4.543,0.649,0,0.155,3.014,7.444,-41.504,4.543,7.444,4.371
C_6251,142.484,90.748,4.658,45.984,8.747,20.234,32.141,133.2877,240.726,305.844,173.543,41.326,149.978,63.012,-4908.303,240.726,293.752,194.742
C_6266,48.658,79.577,4.9,-5.788,28.633,-103.603,10.961,67.6366,99.642,216.895,271.317,-10.688,20.065,22.048,-152.003,99.642,294.033,105.43
C_6268,1.768,4.857,0.005,-0.505,0.02,-0.499,1.082,1.0241,6.578,4.094,0,-0.51,1.721,0.394,-14.419,6.578,0.394,7.083
C_6289,286.067,919.192,64.324,119.43,0,-1.66,128.648,193.0499,1600.205,1028.744,134.181,55.106,681.013,251.244,368.371,1600.205,457.901,1480.775
C_6306,2.397,9.543,0.313,-0.997,0,-4.858,2.15,1.8669,13.504,5.649,0.731,-1.31,3.961,5.24,-43.406,13.504,6.788,14.501
C_6314,45.402,41.606,1.852,17.183,16.128,5.439,8.581,259.6176,103.718,229.56,75.142,15.331,62.112,11.172,211.905,103.718,86.314,86.535
C_6315,423.277,372.974,61.126,149.16,8.269,-103.1,65.158,35.7472,569.428,1214.302,0,88.034,196.454,2141.037,-1867.608,569.428,2352.173,420.268
C_6316,4.665,47.667,1.948,3.975,1.786,-0.965,0.942,3.7271,57.626,33.977,14.689,2.027,9.959,5.589,-2.564,57.626,20.343,53.651
C_6335,38.149,106.193,8.223,-45.547,19.521,-58.511,0,51.3308,136.65,70.379,0,-53.77,30.457,41.094,-117.232,136.65,49.318,182.197
C_6339,1.908,5.878,1.504,-1.884,0.124,-12.617,0.855,0.1671,7.059,11.582,1.257,-3.388,1.181,18.42,-20.917,7.059,19.677,8.943
C_6343,1.398,17.675,0.38,-11.106,0.296,-12.722,0.107,73.9379,17.78,8.079,0,-11.486,0.105,10.318,-288.467,17.78,10.318,28.886
C_6348,26.525,113.822,2.13,14.622,15.748,41.396,9.806,27.365,142.914,94.047,17.533,12.492,29.092,13.691,-185.307,142.914,31.466,128.292
C_6389,128.589,459.214,29.621,9.203,30.96,-88.238,74.851,34.1778,534.485,389.16,288.669,-20.418,75.271,94.108,-280.802,534.485,399.351,525.282
C_6468,1.797,5.036,0.359,-4.765,0.814,-8.874,0.653,3.3911,5.549,3.069,0,-5.124,0.513,14.14,-31.134,5.549,14.14,10.314
C_6477,4.256,7.214,1.767,-17.421,1.995,-20.282,0.426,9.1331,3.128,9.977,0,-19.188,-4.086,2.412,-582.196,3.128,3.589,20.549
C_6478,7.417,0.169,2.932,-5.824,0,-14.542,0.743,4.3686,3.489,7.913,11.843,-8.756,3.32,3.394,-638.965,3.489,15.237,9.313
C_6494,1060,1364.4,663.9,682.2,298.5,-558.2,79.4,124.488,4062.4,1538.3,855.9,18.3,2698,934.8,-5839.2,4062.4,1852.6,3380.2
C_6512,11.02,2.845,0.74,-17.189,2.145,-22.02,1.348,45.5753,5.399,12.291,0,-17.929,2.554,5.893,-540.486,5.399,5.946,22.588
C_6554,31.038,4.163,1.017,-15.871,0,-15.224,2.264,4.4764,10.69,33.328,0,-16.888,6.527,5.637,-25.491,10.69,5.637,26.561
C_6556,54.098,139.779,90.676,106.865,0,-62.5,28.898,105.6383,317.373,744.931,677.66,16.189,177.594,59.987,-1364.084,317.373,744.874,210.508
C_6589,5.484,0.17,0,-5.424,0,-0.716,1.212,4.655,0.674,5.604,0,-5.424,0.504,2.507,-236.742,0.674,2.507,6.098
C_6610,38.786,39.735,13.452,-2.999,0,8.588,8.976,36.0879,90.933,79.323,43.52,-16.451,51.198,22.494,-177.746,90.933,66.086,93.932
C_6621,1218,2792,1310,2286,0,-2451,222,33.6843,6479,13882,21586,976,3687,1465,-15850,6479,24185,4193
C_6626,4.902,26.926,0.94,-0.123,2.689,-3.528,1.688,0.3603,36.051,8.462,2.096,-1.063,9.125,8.268,-61.724,36.051,10.364,36.174
C_6663,19.275,9.874,2.818,-11.233,9.656,-17.668,3.589,12.6324,19.642,23.733,2.94,-14.051,9.768,7.944,-276.78,19.642,13.014,30.875
C_6672,50.022,89.642,0.971,-8.425,0,-14.247,29.685,3.3888,81.217,73.456,99,-9.396,-8.425,29.674,-115.351,81.217,136.148,89.642
C_6683,18.505,103.099,11.508,0.444,0,-14.427,13.713,9.2851,189.205,41.32,1.025,-11.064,86.106,48.679,-424.321,189.205,49.704,188.761
C_6692,1.822,4.047,0.26,-2.958,1.268,-4.187,0.423,3.6095,5.576,2.546,0,-3.218,1.529,0.987,-4.961,5.576,0.987,8.534
C_6707,3.779,1.001,1.104,-6.567,0.236,-7.387,0.119,22.7471,1.874,5.402,0.007,-7.671,0.873,1.402,-212.389,1.874,1.94,8.441
C_6747,226.446,566.439,42.297,-13.119,6.45,-113.759,39.798,113.1263,625.715,1242.642,379.314,-55.416,59.276,388.667,-464.672,625.715,879.929,638.834
C_6773,3.522,6.609,1.064,-5.667,0,-26.595,2.76,3.2858,15.274,7.565,1.52,-6.731,8.665,28.839,-116.176,15.274,30.359,20.941
C_6774,22.279,16.565,3.009,-14.348,0.219,-16.598,5.123,53.5788,29.239,23.409,0,-17.357,12.674,15.135,-249.752,29.239,15.327,43.587
C_6775,4.415,13.41,4.042,-6.478,0.105,-11.814,2.153,4.6284,23.25,13.28,4.497,-10.52,9.84,7.203,-88.681,23.25,12.679,29.728
C_6779,10.398,9.002,8.13,0.602,0,9.114,2.026,13.9511,15.849,124.971,0,-7.528,6.847,83.396,-78.053,15.849,126.654,15.247
C_6849,1330,3334,1954,3462,0,-643,767,251.1757,8611,23659,16358,1508,5277,2561,-3215,8611,22059,5149
C_6872,2772,8669,379,322,354,-681,1115,45.85,9544,5248,65,-57,875,4271,-4420,9544,5871,9222
C_6879,283.748,135.5,30.828,-155.434,54.346,-296.804,34.56,470.2523,283.746,434.401,572.82,-186.262,148.246,103.761,-2251.075,283.746,682.052,439.18
C_6880,224.969,642.722,241.605,23.919,36.944,-241.745,103.99,113.088,810.099,1161.369,838.368,-217.686,167.377,169.555,-256.812,810.099,1055.031,786.18
C_6911,17.735,46.737,5.78,-47.686,2.206,-80.947,9.159,11.4262,58.095,75.137,239.534,-53.466,11.358,28.62,-712.058,58.095,296.213,105.781
C_6932,4.717,10.716,0.409,-10.882,2.449,-9.232,0.953,5.0193,12.305,5.449,0.347,-11.291,1.589,7.609,-210.442,12.305,7.956,23.187
C_6960,21.406,1.884,0.642,-9.34,2.601,-9.58,3.662,67.3021,5.6,22.637,0.211,-9.982,3.716,6.969,-79.212,5.6,7.18,14.94
C_6963,96.8,85.721,0.911,-33.444,0,-49.469,3.016,15.0168,52.277,103.139,252.163,-34.355,-33.444,46.571,-410.838,52.277,298.734,85.721
C_6966,1.766,0.195,2.068,-15.406,0,-17.425,0.133,39.5426,1.767,12.795,1,-17.474,1.572,1.13,-191.623,1.767,3.364,17.173
C_6980,2359,2607,227,580,285,201,871,5167.9399,5148,5200,9,353,2541,1387,-550,5148,3114,4568
C_6984,5.848,3.61,0.285,-13.291,0.879,-10.955,0.747,17.6394,3.776,6.415,0,-13.576,0.166,1.736,-105.562,3.776,4.186,17.067
C_6991,2.821,13.713,0.928,-13.589,0,-18.33,0.031,1.7237,0.124,3.858,26.378,-14.517,-13.589,6.548,-257.634,0.124,32.926,13.713
C_6997,21.116,27.351,4.561,-32.565,5.072,-49.874,8.488,15.9976,29.388,41.751,2.352,-37.126,2.037,16.467,-239.144,29.388,18.827,61.953
C_7001,25.776,32.039,1.018,-31.028,0,-30.455,0,128.9317,1.011,30.483,7.155,-32.046,-31.028,7.24,-195.599,1.011,14.474,32.039
C_7007,52.675,12.028,35.801,-22.552,6.643,-125.205,13.453,95.1017,105.947,453.477,274.546,-58.353,93.919,67.86,-348.573,105.947,438.258,128.499
C_7018,217.184,256.381,63.048,8.01,54.941,-465.437,76.484,121.6861,338.785,424.47,427.04,-55.038,82.404,57.355,-1096.176,338.785,485.599,330.775
C_7019,45.422,77.867,239.786,204.48,0,-52.212,33.494,43.3121,356.252,766.766,0,-35.306,278.385,620.78,-67.201,356.252,709.647,151.772
C_7021,1977.65,1758.334,269.191,66.505,331.584,402.812,152.569,2017.9359,1824.839,7460.694,1949.771,-202.686,66.505,929.963,-2020.975,1824.839,3222.307,1758.334
C_7027,19.329,19.079,1.926,-12.239,6.538,-26.064,2.141,8.6942,21.959,50.304,9.205,-14.165,2.88,33.734,-57.147,21.959,42.939,34.198
C_7034,11.938,0.54,2.114,-20.194,0.067,-22.68,0.315,46.0568,0.896,75.937,25.169,-22.308,0.356,20.688,-228.635,0.896,47.303,21.09
C_7053,168.538,269.603,86.087,80.916,27.643,-216.662,35.53,291.1773,387.161,1781.785,0,-5.171,117.558,1442.593,-240.592,387.161,1449.739,306.245
C_7064,3.654,4.918,1.741,-17.395,0,-101.806,0.546,17.5352,4.246,41.839,55.001,-19.136,-0.672,49.371,-215.43,4.246,107.785,21.641
C_7069,187.143,176.441,320.89,466.274,0,-191.899,70.628,382.4182,687.208,3388.774,1976.157,145.384,510.767,534.615,-655.157,687.208,3106.565,220.934
C_7070,967.259,2471.662,45.915,192.584,0,-32.072,534.751,5.9643,3197.041,1654.915,772.919,146.669,725.379,865.011,-1897.353,3197.041,2201.146,3004.457
C_7079,24.081,66.57,5.486,-7.549,0,-9.226,20.479,66.8574,65.557,169.906,20.057,-13.035,-1.013,79.117,-10.405,65.557,99.174,73.106
C_7081,359.737,78.912,11.246,-1.223,20.155,-30.687,43.171,467.3808,210.758,611.621,175,-12.469,131.846,61.526,-71.231,210.758,236.526,211.981
C_7084,1378,5826.8,617.7,-394,307.8,-1996,248.8,142.08,5609.2,11021.3,385.2,-1011.7,-217.6,7392.3,-1122.3,5609.2,10102.8,6003.2
C_7094,0.306,4.889,0.006,-4.789,0,-5.509,0,43.1344,0.1,0.315,0,-4.795,-4.789,5.478,-20.927,0.1,5.491,4.889
C_7113,177.52,190.835,3.6,8.495,8.857,-0.705,101.121,460.2168,233.692,366.894,78.75,4.895,42.857,119.721,179.741,233.692,202.845,225.197
C_7125,19.647,5.425,2.091,-19.338,1.261,-34.01,0.161,46.8591,1.586,125.112,0.012,-21.429,-3.839,128.166,-182.795,1.586,129.48,20.924
C_7158,10.555,8.24,28.885,5.81,0.373,-14.173,4.176,23.3456,28.469,126.858,55.9,-23.075,20.229,8.389,-42.02,28.469,65.587,22.659
C_7167,40.932,17.31,0.391,6.034,26.162,4.155,12.025,122.025,28.441,89.128,25.967,5.643,11.131,17.009,9.309,28.441,43.364,22.407
C_7179,6.685,34.829,19.729,-0.805,1.057,-57.748,4.428,230.2142,34.024,406.276,273.352,-20.534,-0.805,57.498,-166.167,34.024,335.058,34.829
C_7181,307.759,807.32,45.998,78.187,78.805,-328.266,79.359,8.2499,931.409,808.55,651.469,32.189,124.089,125.618,-337.281,931.409,882.365,853.222
C_7184,9.979,36.306,7.976,-26.596,0,-40.955,4.145,59.1935,16.757,132.566,93.251,-34.572,-19.549,12.04,-50.095,16.757,107.187,43.353
C_7188,160.231,115.01,143.048,203.53,5.117,-95.479,65.171,246.2723,337.664,1524.842,963.378,60.482,222.654,221.79,-491.134,337.664,1462.751,134.134
C_7199,10.441,12.434,5.207,-13.617,0,-22.255,6.808,53.977,26.691,67.19,0,-18.824,14.257,10.059,-133.648,26.691,13.49,40.308
C_7212,58.574,251.069,6.471,17.083,0,-51.175,45.811,13.1159,340.877,96.365,0.07,10.612,89.808,139.189,-333.673,340.877,143.625,323.794
C_7218,8.404,10.979,5.009,-22.397,0.765,-29.436,1.087,44.3514,4.1,10.38,0.809,-27.406,-6.879,5.245,-178.627,4.1,6.404,26.497
C_7224,164.373,1151.995,50.72,83.62,30.481,-31.478,29.899,15.6563,1235.615,1475.416,720.553,32.9,83.62,262.863,30.637,1235.615,1385.747,1151.995
C_7226,4.678,10.501,1.027,-11.986,0,-10.761,4.032,16.0487,10.071,42.283,3.633,-13.013,-0.43,13.742,-12.446,10.071,19.373,22.057
C_7232,364.6,864.1,191.1,285.1,53.4,-27.1,77.4,200.2256,1344,3613.6,0,94,479.9,2667,349.9,1344,3013.5,1058.9
C_7237,227.406,1175.91,37.955,-87.872,119.821,-136.943,3.9,20.8317,1506.867,354.383,137.96,-125.827,330.957,175.715,-288.519,1506.867,390.029,1594.739
C_7253,350.917,520.086,255.032,514.245,38.694,-68.525,173.589,291.9069,1274.619,3334.493,2432.775,259.213,754.533,368.022,-712.823,1274.619,3310.701,760.374
C_7257,26.822,133.645,5.104,-6.061,24.398,-10.957,1.151,5.7635,185.095,41.711,8.185,-11.165,51.45,42.598,-57.389,185.095,58.325,191.156
C_7261,8.78,88.472,3.2,-12.116,1.051,-15.655,2.367,21.0813,89.89,41.261,10.669,-15.316,1.418,9.062,-325.725,89.89,23.409,102.006
C_7284,205.189,354.348,45.264,249.207,0,-969.819,170.801,43.1557,863.121,2432.97,2206.422,203.943,508.773,99.048,-2394.152,863.121,2731.918,613.914
C_7297,125.751,98.759,60.027,105.975,12.188,-14.759,79.555,32.3838,483.791,277.044,511.065,45.948,385.032,59.117,-804.703,483.791,571.216,377.816
C_7327,360.572,193.053,4.536,20.964,0,1.595,211.595,95.8765,214.017,422.377,61.012,16.428,20.964,236.046,-3.51,214.017,305.83,193.053
C_7328,186.976,222.606,12.315,-39.804,23.164,-63.727,63.82,411.8604,369.574,264.405,63.826,-52.119,146.968,126.504,-228.385,369.574,190.808,409.378
C_7333,1.079,2.669,0.065,-0.487,0,-1.607,0.837,1.4994,7.892,2.21,4.185,-0.552,5.223,7.971,-51.726,7.892,12.156,8.379
C_7335,54.612,629.586,66.159,-558.916,0,-619.963,9.88,17.8926,88.373,234.462,0,-625.075,-541.213,519.704,-840.416,88.373,558.026,647.289
C_7343,7.924,25.324,0.186,-10.002,0,-15.548,6.082,9.972,32.473,24.847,0.747,-10.188,7.149,13.198,-134.834,32.473,14.44,42.475
C_7344,7.133,4.068,0.621,-4.731,2.266,-5.485,2.01,10.1351,8.423,8.736,0,-5.352,4.355,2.398,-30.552,8.423,2.818,13.154
C_7367,31.006,54.705,3.024,-0.833,14.288,-3.535,1.05,76.6909,121.273,39.411,0.35,-3.857,66.568,12.67,-92.962,121.273,13.522,122.106
C_7371,398.426,531.823,826.617,1415.615,0,342.494,294.468,2065.2211,2092.768,7759.573,2792.321,588.998,1560.945,536.931,-2143.946,2092.768,3489.257,677.153
C_7374,26.058,70.522,4.358,-55.678,4.242,-62.326,2.269,44.1211,14.844,42.175,0,-60.036,-55.678,14.98,-299.24,14.844,29.122,70.522
C_7381,679.2,3648.1,28.7,5,307.1,-412.7,280,7.5859,3969.9,894.4,1.6,-23.7,321.8,1076.7,-808.4,3969.9,1149,3964.9
C_7401,805.4,1504,87.1,384.3,222.3,100.5,321.5,2256.3,2702.9,2715.4,1599.1,297.2,1198.9,669,1418.5,2702.9,2497.9,2318.6
C_7421,38.976,12.922,1.6,-28.403,4.437,-25.155,1.426,23.0533,16.09,45.446,27.555,-30.003,3.168,19.896,-167.567,16.09,48.954,44.493
C_7444,59.084,229.114,36.567,42.139,12.551,-69.455,28.266,5.6167,328.463,434.029,0.1,5.572,99.349,516.622,-324.686,328.463,530.827,286.324
C_7462,216.414,270.729,41.867,95.076,78.174,-111.993,83.602,37.1914,500.091,693.511,4.93,53.209,229.362,713.579,-342.025,500.091,813.168,405.015
C_7510,11.313,59.696,4.572,-0.945,0,-5.501,8.426,24.2258,83.12,38.068,4.63,-5.517,23.424,17.347,-109.465,83.12,22.457,84.065
C_7513,278.249,987.578,137.058,52.109,43.297,-138.906,89.816,115.1331,1099.609,1204.121,546.407,-84.949,112.031,126.771,-292.021,1099.609,949.494,1047.5
C_7535,443.415,1996.378,44.793,23.47,225.831,-17.745,114.758,1063.6111,2127.374,869.137,141.44,-21.323,130.996,173.951,63.769,2127.374,397.679,2103.904
C_7582,82.878,649.134,14.939,13.87,27.45,-224.729,26.327,41.921,1014.244,386.98,0,-1.069,365.11,372.098,-656.274,1014.244,388.38,1000.374
C_7584,2.485,47.755,1.434,-47.451,0,-103.213,0,14.2451,0.304,3.053,0,-48.885,-47.451,11.053,-311.978,0.304,11.053,47.755
C_7586,1876.314,3881.63,837.68,253.342,237.945,-874.961,375.601,370.1288,4287.078,10736.148,3719.519,-584.338,405.448,1009.549,-4953.461,4287.078,7749.348,4033.736
C_7589,49.732,42.231,19.277,44.789,1.845,-126.9,11.546,17.7161,98.997,172.325,0,25.512,56.766,289.98,-141.73,98.997,313.923,54.208
C_7608,86.532,28.571,23.221,23.546,11.878,-107.906,6.401,34.2919,83.897,291.36,0,0.325,55.326,252.632,-539.492,83.897,257.962,60.351
C_7610,81.212,24.814,15.265,7.096,1.403,-13.76,40.121,293.9506,60.701,428.321,148.022,-8.169,35.887,77.911,-122.02,60.701,226.699,53.605
C_7617,29.452,135.004,4.297,2.538,0.155,-6.616,11.707,17.2231,173.989,91.282,13.753,-1.759,38.985,105.221,-111.181,173.989,129.831,171.451
C_7627,80.891,271.845,103.637,90.631,17.513,-245.266,33.81,90.422,411.833,686.321,0,-13.006,139.988,380.507,104.719,411.833,389.447,321.202
C_7638,61.931,117.459,75.004,73.622,9.61,-70.521,11.197,77.034,207.108,1723.414,0,-1.382,89.649,1192.219,-235.797,207.108,1192.219,133.486
C_7645,16.689,37.647,59.258,-90.461,2.313,-169.507,1.454,71.101,13.784,340.014,66.513,-149.719,-23.863,86.279,-2491.311,13.784,2091.745,104.245
C_7665,165.878,125.417,135.043,68.016,11.342,-147.741,15.337,111.1225,227.464,2957.254,163.625,-67.027,102.047,1481.626,120.366,227.464,1648.449,159.448
C_7673,20.32,2.31,0.2,-11.706,0.886,-11.837,0.548,109.94,3.647,502.593,352.81,-11.906,1.337,52.966,-19.554,3.647,405.776,15.353
C_7680,249.876,587.674,40.517,52.737,136.423,-165.529,25.181,15.7202,1023.437,596.92,237.494,12.22,435.763,173.619,-520.962,1023.437,524.11,970.7
C_7688,4.741,21.095,2.8,-20.83,0,-13.699,0.005,12.6794,0.265,18.458,0.114,-23.63,-20.83,7.341,-87.245,0.265,7.455,21.095
C_7692,5.66,139.022,13.597,-15.8,1.645,-31.968,0.545,13.9272,156.942,53.613,0,-29.397,17.92,51.591,-111.885,156.942,74.049,172.742
C_7719,404.297,549.234,164.9,275.909,0,-216.11,166.359,160.818,900.251,2002.407,1210.919,111.009,351.017,164.456,-1509.677,900.251,1387.376,624.342
C_7754,7.5,0.975,0.874,-18.555,6.941,-30.162,0.149,1.4279,0.894,16.182,11.096,-19.429,-0.081,15.109,-87.009,0.894,26.205,19.449
C_7763,88.166,88.588,5.61,-16.688,37.662,-47.364,31.58,8.7424,133.189,113.789,11.654,-22.298,44.601,77.416,-97.586,133.189,89.245,149.877
C_7770,189.981,2226.375,14.522,-13.484,85.421,-47.096,55.888,27.9312,2248.301,799.459,0,-28.006,21.926,484.02,15.769,2248.301,490.663,2261.785
C_7772,11.757,33.133,1.856,9.103,0.435,-58.95,9.407,2.6278,46.021,40.625,55.216,7.247,12.888,28.661,-72.138,46.021,88.198,36.918
C_7779,7.8,2.129,0.157,-2.211,6.356,-5.116,0.358,28.1449,2.735,30.182,10.189,-2.368,0.606,6.957,-43.029,2.735,18.957,4.946
C_7780,122.895,225.295,3.647,-6.154,84.58,-42.704,21.872,151.0278,243.614,223.495,66.877,-9.801,18.319,31.171,1.313,243.614,98.048,249.768
C_7784,50.95,97.869,2.868,-95.247,0,-96.622,0,16.4994,2.622,64.251,5.481,-98.115,-95.247,16.521,-335.471,2.622,27.647,97.869
C_7791,14.41,3.003,0.894,-14.663,1.063,-15.987,0.313,16.0704,4.055,15.692,3.124,-15.557,1.052,2.591,-205.7,4.055,8.41,18.718
C_7799,70.062,49.604,0.958,-44.109,0,-66.484,0.651,56.853,5.495,74.606,0,-45.067,-44.109,184.6,-292.892,5.495,185.103,49.604
C_7825,21.845,10.404,1.836,-23.186,1.387,-32.525,7.474,11.5471,11.778,61.176,0.114,-25.022,1.374,9.014,-68.371,11.778,16.947,34.964
C_7838,200.059,455.751,27.6,-1.077,171.385,-118.376,3.115,43.0153,657.313,407.413,60.048,-28.677,201.562,301.968,-297.629,657.313,438.023,658.39
C_7862,145.802,1733.521,200.253,-1407.079,0,-1797.195,63.665,21.9493,365.145,679.167,0,-1607.332,-1368.376,1984.56,-2211.342,365.145,2005.233,1772.224
C_7895,11.359,6.796,4.765,7.897,0,-24.968,8.989,13.722,29.213,73.334,53.693,3.132,22.417,14.103,-35.068,29.213,100.335,21.316
C_7924,556.593,2839.928,364.204,-2379.215,4.635,-1922.621,522.485,154.3802,548.479,3458.692,2873.637,-2743.419,-2291.449,295.248,-3230.695,548.479,3222.292,2927.694
C_7938,1256.2,2896.6,1526.7,1955.7,82.4,-723,661.4,89.661,5713.1,10257.9,72.8,429,2816.5,11457.7,-3169.7,5713.1,12177.2,3757.4
C_7948,27.657,8.006,2.653,-25.044,5.528,-26.885,0.792,37.4868,13.316,35.721,2.231,-27.697,5.31,11.168,-106.287,13.316,15.097,38.36
C_7958,165.16,8.646,0.165,-222.034,17.214,-224.338,6.491,550.0518,16.82,166.606,115.962,-222.199,8.174,38.147,-807.33,16.82,172.124,238.854
C_7998,1300,608,78,1272,0,183,366,12.6023,2973,1815,0,1194,2365,9933,272,2973,10306,1701
C_7999,90.525,121.444,140.211,104.621,0.107,-153.514,54.255,61.663,288.659,392.907,0,-35.59,167.215,425.982,-206.704,288.659,426.236,184.038
C_8002,115.735,270.749,40.033,74.218,6.019,-29.803,54.692,3.4846,490.964,469.766,1169.797,34.185,220.215,73.037,-1663.559,490.964,1303.925,416.746
C_8019,97.657,109.824,92.24,222.059,7.411,62.314,30.017,417.0049,369.427,929.744,686.958,129.819,259.603,77.442,-371.058,369.427,856.716,147.368
C_8032,230.043,457.402,47.5,14.778,1.148,-36.634,191.763,195.8464,516.958,650.682,179.464,-32.722,59.556,161.994,-191.343,516.958,408.665,502.18
C_8065,118.325,445.66,55.172,-57.297,40.491,-665.388,42.044,123.3567,414.943,392.052,0,-112.469,-30.717,522.007,-549.764,414.943,540.625,472.24
C_8070,1.391,0,0.396,0.179,0,-3.075,1.201,0.1425,5.242,2.559,4.872,-0.217,5.242,20.983,-57.566,5.242,27.545,5.063
C_8082,224.461,164.173,3.735,-130.464,23.193,-24.524,1.102,25.4336,33.709,304.589,166.179,-134.199,-130.464,65.36,-641.2,33.709,244.202,164.173
C_8087,10.691,76.222,21.909,23.743,4.252,-18.228,4.147,11.9251,115.451,248.6,0,1.834,39.229,224.973,-86.763,115.451,229.34,91.708
C_8089,674.088,4910.043,371.772,-4282.067,0,-3697.545,127.387,126.6942,768.709,2991.155,3631.506,-4653.839,-4141.334,437.389,-6992.697,768.709,4178.888,5050.776
C_8094,11.216,10.491,0.828,-12.659,0,-13.699,7.811,12.2825,16.72,13.445,9.567,-13.487,6.229,5.048,-79.256,16.72,14.615,29.379
C_8118,2.455,0.214,0.01,-6.038,0.91,-5.825,0.418,3.1391,3.23,2.564,0,-6.048,3.016,13.478,-192.258,3.23,13.503,9.268
C_8126,298.847,711.854,62.095,-424.675,235.401,-518.925,4.36,109.7879,310.425,941.238,0,-486.77,-401.429,592.376,-493.773,310.425,663.68,735.1
C_8133,330.75,421.505,126.61,419.95,65.892,42.006,163.022,150.4566,875.561,3529.857,2632.802,293.34,454.056,256.054,-349.77,875.561,2974.183,455.611
C_8160,582.968,185.184,30.31,-52.381,39.087,-82.802,15.136,1171.845,298.967,1187.281,456.389,-82.691,113.783,175.672,-24.856,298.967,854.876,351.348
C_8172,82.571,118.223,26.062,31.653,0,-101.756,75.791,120.415,254.311,449.54,150.881,5.591,136.088,78.158,-89.152,254.311,236.279,222.658
C_8188,0.161,0.557,0.885,-5.606,0.035,-7.452,0.067,32.5954,1.04,14.221,0.046,-6.491,0.483,11.365,-26.956,1.04,11.411,6.646
C_8216,498.414,2158.104,291.58,191.495,98.366,-139.135,177.695,778.266,2402.506,3763.738,441.064,-100.085,244.402,559.092,-385.246,2402.506,3170.896,2211.011
C_8218,21.361,3.6,2.038,-25.644,7.037,-32.026,4.699,46.6186,18.582,48.978,6.28,-27.682,14.982,11.113,-170.818,18.582,19.531,44.226
C_8232,16.225,30.052,61.432,62.641,0,-19.911,6.799,82.867,114.035,1084.647,384.993,1.209,83.983,21.077,-155.831,114.035,495.402,51.394
C_8241,33.478,129.624,60.913,-0.151,2.464,-168.856,23.795,27.1805,152.176,342.604,5.956,-61.064,22.552,492.967,-1557.278,152.176,511.67,152.327
C_8253,54.171,26.839,24.252,28.449,0,-46.755,38.575,229.8177,72.13,380.123,342.952,4.197,45.291,61.586,-851.663,72.13,411.951,43.681
C_8254,0.03,0.015,0.01,-1.274,0,-20.416,0.02,0.002,0.083,0.031,0,-1.284,0.068,21.358,-109.451,0.083,21.358,1.357
C_8269,198.99,269.705,25.897,22.185,147.578,-68.817,25.298,181.4798,608.891,294.389,219.37,-3.712,339.186,162.274,-332.156,608.891,409.905,586.706
C_8278,7.333,18.282,3.197,-3.301,1.621,-6.755,4.452,25.8034,27.122,34.453,5.855,-6.498,8.84,17.554,-152.59,27.122,24.503,30.423
C_8325,126.292,3.224,7.579,-101.88,8.608,-124.507,12.61,260.3335,82.08,192.527,0,-109.459,78.856,106.86,-336.352,82.08,235.627,183.96
C_8330,751,2726,309,234,484,-422,226,1.6293,3122,2710,0,-75,396,3259,-1504,3122,3885,2888
C_8350,74.03,104.023,52.374,-6.65,0,-109.129,17.252,0.5554,116.205,312.881,0.24,-59.024,12.182,338.773,-236.892,116.205,340.109,122.855
C_8371,242.303,1447.933,55.213,-650.183,70.04,-717.963,49.335,27.7677,832.405,928.656,398.649,-705.396,-615.528,118.296,-357.511,832.405,634.982,1482.588
C_8372,352.422,219.691,26.904,-203.63,103.394,-257.73,47.2,216.2922,159.147,625.902,160.091,-230.534,-60.544,119.12,-650.275,159.147,329.537,362.777
C_8385,151.433,129.454,222.581,279.441,4.868,-698.044,26.573,5.6666,540.358,1413.544,0,56.86,410.904,1968.422,-1990.879,540.358,1978.973,260.917
C_8415,45.269,108.942,17.015,73.116,0.763,-49.441,12.323,20.1953,314.379,452.153,0,56.101,205.437,602.928,-311.205,314.379,628.567,241.263
C_8461,240.319,247.533,8.622,-1.128,196.654,-23.639,25.572,30.2133,468.865,310.3,125.366,-9.75,221.332,59.555,-153.21,468.865,249.875,469.993
C_8473,3.68,3.955,0.197,-6.096,1.159,-21.528,0.538,3.6713,4.52,3.755,0,-6.293,0.565,20.018,-75.763,4.52,20.018,10.616
C_8514,1147.191,69.574,442.533,-1694.479,0,-2343.309,167.573,538.2774,16.805,2230.478,2479.349,-2137.012,-52.769,533.954,-5065.357,16.805,3071.812,1711.284
C_8558,93.771,44.512,73.335,23.968,5.396,-77.141,45.44,28.4184,146.068,205.492,279.976,-49.367,101.556,93.801,-435.534,146.068,379.749,122.1
C_8578,51.332,161.003,57.275,-75.46,3.604,-151.892,11.448,591.5085,101.173,251.128,191.179,-132.735,-59.83,398.318,-1170.184,101.173,613.906,176.633
C_8598,48.255,207.931,42.314,59.614,0,-86.713,40.916,28.4861,297.52,601.653,460.947,17.3,89.589,39.693,-92.69,297.52,512.36,237.906
C_8608,10.046,31.411,4.825,6.424,0.095,-0.516,9.557,37.024,52.038,37.154,4.501,1.599,20.627,16.387,-19.037,52.038,20.888,45.614
C_8620,137.155,383.446,16.712,15.383,106.566,-4.338,10.447,49.4018,657.856,230.252,27.965,-1.329,274.41,115.394,-19.727,657.856,195.358,642.473
C_8688,6.608,2.583,0.003,-1.956,0,-1.61,1.808,8.3288,0.627,6.659,0,-1.959,-1.956,0.424,1.467,0.627,0.424,2.583
C_8712,484.443,1523.116,276.353,20.84,102.257,-872.542,274.691,573.1992,1748.889,2232.906,1142.077,-255.513,225.773,290.868,-366.327,1748.889,1600.263,1728.049
C_8720,2.141,2.166,0.006,-3.416,0.287,-6.297,0.321,5.3257,2.653,2.219,1.896,-3.422,0.487,9.582,-31.118,2.653,11.478,6.069
C_8740,0.97,0.938,0.188,0.142,0.56,-1.184,0,5.5486,2.153,4.288,0,-0.046,1.215,7.762,-21.552,2.153,7.945,2.011
C_8745,67.999,74.012,4.753,-55.53,2.345,-101.556,0.284,110.9014,18.482,135.709,174.62,-60.283,-55.53,16.287,-728.269,18.482,192.302,74.012
C_8815,169.163,356.931,16.265,11.098,75.335,-84.526,78.062,42.2694,417.652,266.152,0.788,-5.167,60.721,244.084,-112.131,417.652,246.256,406.554
C_8826,112.428,81.801,135.907,29.959,4.685,-198.95,21.263,50.6542,195.295,1134.478,0,-105.948,113.494,1070.466,-795.978,195.295,1115.417,165.336
C_8829,17.184,32.871,0.968,-30.972,0,-40.578,0.143,17.7198,1.899,20.778,12.134,-31.94,-30.972,9.557,-372.69,1.899,30.012,32.871
C_8831,13.206,402.978,23.227,-8.347,3.845,-44.361,5.195,14.1728,450.279,148.416,117.806,-31.574,47.301,42.518,-130.627,450.279,184.856,458.626
C_8858,372.981,368.577,270.267,563.208,0,85.205,126.584,23.5786,1056.914,2819.96,2395.408,292.941,688.337,348.299,-1812.884,1056.914,2811.655,493.706
C_8881,332.562,855.87,281.721,163.233,18.553,-221.391,164.721,62.3679,1131.244,1902.618,1564.592,-118.488,275.374,157.085,-232.524,1131.244,1783.778,968.011
C_8897,15.247,22.324,5.09,-25.937,4.823,-98.152,5.251,20.846,14.943,69.514,32.696,-31.027,-7.381,11.296,-331.004,14.943,47.661,40.88
C_8902,149.482,19.256,16.901,-104.221,41.341,-157.192,22.485,44.4071,96.43,441.59,110.476,-121.122,77.174,133.606,-719.843,96.43,251.526,200.651
C_8912,0.034,0.046,0.038,-2.323,0,-3.139,0.005,12.6688,0.088,0.043,0,-2.361,0.042,1.993,-31.333,0.088,1.993,2.411
C_8922,23.21,81.387,5.491,-66.546,0.089,-100.783,0.374,57.2855,14.841,87.661,104.445,-72.037,-66.546,18.701,-484.983,14.841,174.394,81.387
C_8940,61.525,95.591,14.177,42.561,0,-272.259,37.546,48.3202,213.762,346.424,244,28.384,118.171,95.015,-113.072,213.762,371.559,171.201
C_8946,11.916,56.286,23.13,-13.009,0,-46.982,7.258,94.25,55.509,249.506,84.18,-36.139,-0.777,21.029,-54.835,55.509,126.659,68.518
C_8959,968.923,2914.948,755.602,-1625.996,7.867,-2433.838,156.189,248.9111,1405.452,4690.829,4597.037,-2381.598,-1509.496,358.987,-2573.113,1405.452,5419.551,3031.448
C_8961,65.098,367.225,4.458,-124.637,32.753,-125.786,16.254,117.8182,333.964,78.83,0,-129.095,-33.261,48.902,-311.268,333.964,52.525,458.601
